PERSON,PLACE,ORGANIZATION
Hasane Dupond,Quba,Organisation de l'aviation civile
Carlos Peter,Sambrial,Alliance pour l’Unité de la Gauche
Sheherazade Green,Nzérékoré,"une mère, un foyer"
Ildefonso Miller,Parkville,Nordistes
Jaid Mitchell,Sālūmbar,motorcycle
Rui Pereira,White Plains,Ensemble pour la protection de la biodiversité
Rokiya Capelani,Ain Sukhna,Pompier
Silva Da,Bukama,OTANIMA
Nerimene Gómez,Parole,Mairie
Grégoire Laporal,Kavála,Bureau de gestion des déchets radioactifs
Jaylie Li,Minas,Fidèle
Elvyre Nelson,Artigas,vivre pleinement
Franco Di,Gönen,Catholiques
Stevane Deneuve,Guararema,Lancastre
Jaylie Li,Khankala,Association ‘’Zéro déchets dans les eaux ’’
Aylie Carter,Nahorkatiya,Nutri
Losseni Scott,Vushtrri,KS Security
Cilya Young,Yoakum,association de protection des droits des enfants
Amra Couatarmanach,Pantai Remis,"Association des lesbiennes, les gays, les bisexuels et les transgenres (LGBT)"
Anne-Berengere Dassault,Big Spring,non à la pollution
Jerick Duverney,Selydove,Paix heureuse du Soudan
Cleandre Nguyen,Morena,agence nationale de gestion des épidémies et pandémies
Matvey Mitchell,Lexington,MUT
Pierre-Joseph Walker,Dunlap,Police
Desty Duverney,Khlung,SWEETNIGHT
Carlos Peter,Ampara,Commission des Hommes d'Armes
Aimie Gómez,Lauttasaari,Nijahydro
Ardian White,Chelsfield,Communauté des jeunes lecteurs
Cumali Evans,Eldridge,Meubles angéliques divins
Denis Leguerrec,Chelmsford,CASHC
Cyprien Mohamed,Cegléd,Organisation anti-incendie suisse
Luqmi‚n Chen,Church-Yonge Corridor,Coiffure
Ichem Johnson,Chebba,"Ong « une vie, un bonheur »"
Sebastien Couatarmanach,Götene,Educ et Vie
Daliborka Ibrahim,Hlučín,Police
Camill Pereira,Boksburg,Police de Sécurité des Municipalités
Alphonse Liu,Onsala,TALEGH
Melysse Dupuis,Florida Ridge,Grabitel
Noel Liu,Ndungu,Rigths For Life
Louyana Hall,Murr,DDF
Athos Flores,Gnesta,Aéroport de Madagascar
Aaroun Johnson,Imphāl,médicaments pour chaque enfant
Dmitri Dupond,Kelty,l’association du plus grand exportateur
Jean-Marin Rodríguez,Dan Gora,Meet Fly
Marc-Henri García,Vettaikkaranpudur,hôpital Regent
Ademe Martin,Radès,Mouvement pour des Habitations Sûres
Dianna Destresse,Maha Sarakham,Commission des Hommes d'Armes pour la cession de la guerre civile de Biafra
Esperance Li,Saint-Antoine,Association pour la défense des droits de l'homme
Oumama García,Masaya,I-Nuclear
Narmine Allen,Chesapeake,CECR
Louis-Pascal Adams,Uetze,Association de protection des oiseaux
Serdar Clark,Emmendingen,FIR
Milda Pautrat,Yoqne‘am ‘Illit,société Sucrerie
Camillo Thompson,Boca do Acre,Regroupement de médecins (épidémiologiste)
Hamza Martin,Vill'Albese,Agence nationale de santé publique
Brewenn Joseph,Fort Irwin,Xiu-Fang.lab
Cleya Roberts,Kavieng,Association ‘’Cœur d’Amour’’
Rose-Heline Chazal,San Carlos,Section de Recherches en biologie
Yi Williams,Shelby,Police
Abdelhouab Allen,San Pablo Jocopilas,"mes cheveux, mon choix"
Ismahane Walker,Zerbst,AFIF
Dijle Martin,Taseyevo,Office national des secours
Thibault Alekseï,Shizukuishi,Fondation Ibrahim
Alassan Turner,Zunil,Police
Greyson Rivera,Maumelle,Police
Renny Zhang,Bayt Liqyā,Les vrais amis de Charles
Rohit Dupuis,Ladário,FNSR
Harel Fernández,Kharagpur,Front patriotique rwandais
Liwan Jackson,Tepalcatepec,Association des Personnes Victimes d’Accident
Candida Alves,Walhain-Saint-Paul,Lotus Bleue
Amparo Fernández,Pozantı,Les garde-côtes japonais
Grégoire Laporal,Uchaly,Rebelles bien nés
Talita Martínez,Piet Retief,Hippower
Yesmin Dassault,Omuthiya,« Chen industrie »
Catherin Williams,Sokaraja,non au trafic des enfants
Nebila Baker,Mühlhausen,Collectif pour la Justice aux Jeunes
Bircan Anderson,Boyalık,ONG Parabole
Abdelfattah Jones,Ḩalḩūl,cellule nationale de riposte aux urgences sanitaires
Jona Chazal,Krutaya Gorka,ministre des armées
Jaylie Li,Sengés,Pirus Alger boulangers
Tobias Green,Retiro,Association des Commerçants de Lyon
Ludvick Ahmed,Lumbangan,aveugle mais en vie
Carlos Peter,Egling,l’organisation de bienfaisance
Grégoire Laporal,Ingenio,observateur politique de la vie publique
Amytis Duverney,Kericho,Congrès des jeunes scientifiques
Matiguida Campbell,Buzău,ONG Développement et Sécurité
Biagui Dupond,Azovo,DDF
Stephan Dufour,Belén,Labtech
Bryce Martin,Küsnacht,non aux produits chimiques
Shahan Wright,Korkino,GlobalHealth
Eglantine Deneuve,Shar’ya,Paralysés de la France
Laurent Chazal,Staveley,Chimes révolutionnaires
Achref Flores,Wuduan,Professionnels de la Pâtisserie
Bitou Duverney,Santiago,Post apocalypse
Chihab Adams,Mendeleyevsk,aide sans frontière
Agatha Constant,Grand Blanc,NOZA
Chani Hill,Bougaa,Gama-téta
Briec Chazal,Poggio Renatico,Saturnus
Silva Da,Matipó,MITADAS
Silva Da,San Agustin de las Juntas,Association des handicapés
Moundhir Thomas,Perehinske,Travailleurs de ménages de Strasbourg
Sade Peter,Kheri,Santé pour tous
Herman Capelani,Nam Som,COTESURE
Errol Wang,Barberà del Vallès,Association ‘’non au pillage de nos ressources’’
Antoine Duverney,Navia,Jewelry
Emmy-Rose Alves,Dhaurahra,Salam
Djulyan Durant,Pāliyād,Zone franche
Mercy Constant,Capiago-Intimiano-Olmeda,Cartel de drogue
Dina Clavier,Chur,non à la maltraitance du sexe masculin
Houraye Pereira,Lanzhou,Association des consommateurs de produits high-tech
Aïron Allen,Sivrihisar,Association Energie Verte
Sevilay Walker,Urbania,Police
Florella John,Shortlands,Police
Jemy Alibert,Ras Al Khaimah City,Police
Constance Dupuis,Faaa,SAMLIM
Ive Hill,Chiguayante,Nuage de Délice
Johary Deneuve,Newcastle,Let's slide
Ghiles Lewis,White City,Comité Canadien pour la Lutte contre la COVID-19
Dijle Martin,Cascade,UPD
Daphnee Zhang,La Orotava,Liberté et Paix pour l’Italie
Florella John,Draa Ben Khedda,Collectif des Marcheurs Silencieux
Briec Chazal,Templeton,OSM
Amra Couatarmanach,Nilsiä,UPDN
Emmy-Rose Alves,Goodmayes,Arabie Saoudite
Onss Alves,Shahe,Organisation contre le racisme
Kinzy Parker,Tikhoretsk,LifeX
Denis Leguerrec,Sonāmura,Parti de la Jeunesse Consciente Émancipée
Pierre-Henri Clark,Bayview Village,Lutabac
Rhaled Liu,Langerwehe,Event Succes
Placida King,Amalāpuram,Sells
Maxime John,Stęszew,Angel
Corynne Mohamed,Badak,Agence nationale de la gestion du Foncier
Rilana Rodríguez,Sohāgpur,Pour la Vie et l’Honneur
Noel Liu,Mirnyy,Agrichimo
Ilyan Wilson,Rexdale-Kipling,familles nombreuses
Joddie Dufour,Solnechnogorsk,Dragon Rouge
Abdelhaziz Davis,Hadsten,NOZA
Suren Pautrat,Kibaya,Respecte ma Vie Privée
Bendjy Rodríguez,Yên Vinh,Jump
Guy-Michel Parker,Retford,Association ‘’Stop aux harcèlements sur le lieu de travail ’’
Annyssa López,Imperial,Mairie
Muge Taylor,Burien,Association ‘’Non à la sécheresse de nos terres’’
Joslin Alves,Hayange,vivre en rêvant
Bruno Alves,Rāmpura,Catholiques
Abigael Dufour,Barrancas,EMH
Cléa Destresse,Shiqian,Ribelle
Silva Da,Quatro Barras,Finelife
Abdessatar Anderson,Werdohl,l’Association des magistrats de News York pour la défense des innocents
Iman Anderson,Lautoka,Sacie
Cathelyne Clark,Groß-Umstadt,Educ
Cyriann Ali,Cleja,Syndicat des Travailleurs et Ouvriers
Mariza Allen,Chojnice,Syndicat des Travailleurs Honnêtes
Luca Carter,Miura,DAKAR
Thibault Alekseï,Cabras,Université du Texas
Surya Trameur,Alhaurín el Grande,Parti de la Démocratie et de la Paix
Taina Miller,Surrey,association des propriétaires et co-propriétaires de Parktown
Balthazar Ahmed,Avtovo,Comité national de lutte contre les maladies endémiques
Nosredine Couatarmanach,Mpigi,Wave
Louysa Rivera,Ceiba,Association des mineurs de Chili
Enelya Peter,Fuzhou,Société Internationale de télécommunication aéronautique
Therise-Marie Clark,Puan,Monde chimique sans danger
Nidal Mohamed,Allanridge,Energy&life
Silva Da,Amontada,"une mère, une idole"
Athos Flores,Scituate,Les vrais amis de Charles
Halimatou Liu,Lecanto,Peaceland
Avzem Campbell,San Vincenzo,Université d'Oklahoma
Christalle Baker,Oftringen,Juridical Help
Lilye Anderson,El Cerrillo Vista Hermosa,Groupement des Femmes Libres de Praia
Lyess Rodríguez,Saint-Quentin-en-Yvelines,Vivre après un drame
Silva Da,Acton,Ordre des pharmaciens de France
Deeclan Rodríguez,Plainville,groupement Centre d'atterissage
Rina Durant,Khemisset,Lifecar
Thibault Alekseï,Pokrov,Dragon Rouge
Titziana Flores,Māchhīwāra,Liberté pour tous
Tessnim Thompson,Malaybalay,Association ‘’Non à l’avortement’’
Dixie Chazal,Calonne-Ricouart,Find Job
Mariano López,Tucson,CCV
Sidonia Gómez,Mainvilliers,SFD
Nurgul Destresse,La Ceja,Vêtements décents en Afrique
Anahe Dupuis,Balimbing,la gendarmerie nationale de Lomé
Franco Di,Hartland,Colegio Franco Mexicano
Noemie Müller,Mount Waverley,banque centrale
Alyce García,Chak Azam Sahu,voyager partout dans le monde
Amyne Simporé,Wittenau,Des chercheurs européens
Eogan Ahmed,Silves,Collectif des Scientifiques Éthiques
Marie-Olympe White,Dobruška,Gen tomorrow
Milena Trameur,Zürich (Kreis 6) / Oberstrass,Fondation Beta
Abdelhedi Rodríguez,Muro,Etat
Isatis Sánchez,Jhanjhārpur,courage pour tous
Dalilah Ibrahim,Brownsburg-Chatham,WOOP
Auguste Ferreira,Purcell,Sauvons l’enfance bienheureuse
Krisley Chen,Ban Talat Nua,Association « Espoir des hommes »
Feliciane Clavier,Porthcawl,Pour le Sang
Housnati Ferreira,Delaware,fondation LEE
Silva Da,Lake Barcroft,SILENCE
Reina Hassan,Rusape,Northwestern Memorial Hospital
Léna Trameur,Lecheng,Fédération des organisations des droits de l’Homme
Patrick Fernández,Hriňová,le préfet maritime
Fatya Capelani,Pasay,un pour tous
Sidonia Gómez,Dungarpur,Banque
Souraya Dupuis,Birmingham,Royal Oil
Gwenna Ali,Temirtau,Aqua.corp
Ansoumane Anderson,Alba Adriatica,groupement des commerçants locataires
Santos Dos,Krutinka,Brigade des stupéfiants
Beyrem González,Guijuelo,ONG ’'Tous les enfants à l’école’’
Trissia Campbell,Douglass Hills,SRG
Joshua Clavier,Yueyang,Pompier
Chahra-Zed Wright,Eindhoven,"une femme, un enfant"
Emi Ferreira,Sector 3,PLMS
Seth Lewis,Vostochnyy,les sourds ont des droits
Marie-Rose Sánchez,Furmanov,JIAIL
Harry Durant,Wellard,Police
Tchelsy González,Martos,Logistique pétrolière
Therise-Marie Clark,Salon-de-Provence,La police
Fredo López,Chernyanka,Fondation Allen
Dempsey Couatarmanach,Wissen,livres pour Tous
Thibault Alekseï,Cherlak,Association pour les droits de l’Homme
I–zlem Nelson,Langueux,FileGen
Iyade Green,Atotonilco el Grande,Organisation guatémaltèque de la santé publique
Gulnur Phillips,Freetown,organisation antidrogue
Kossay Wang,Fatehpur,VIEW
Neri Roberts,Barugo,"mes cheveux, mon choix"
Jean-Eloi García,Dapeng,la gendarmerie de Toulouse
Agatha Constant,Monroe,SITEY
Cleandre Nguyen,Ijuw,Office national des secours
Maima Chapuis,Saedinenie,Forces d’intervention routière
Salah-Eddin Jones,Sicklerville,Pompier
Claudinette Torres,Massillon,mille feuilles
Keïlan King,Tallulah,PORTA
Silva Da,Nobeoka,ROUDEX
Icare Smith,Thame,Pesticides bios sûrs
Tehillah Thomas,Bendale,"une femme, un enfant"
Florimond Peter,Cabimas,Triomphes de Femmes
Kenjee Green,Joypur Hāt,Aidons les chimistes bénévoles
Benali Liu,Allentown,fondation LEE
Denis Leguerrec,Rohini,Phytosanus plus
Arthur Abert,Três Pontas,Voling
Cléa Destresse,Ocniţa,orphelinat « toujours amis »
Abderahime King,Gizo,helping
Tobias Green,Upi,hôpital Regent
Ishan Lewis,Clackamas,Police
France-Line García,Bantul,Centrale nucléaire bienveillante du Japon
Marie-Clothilde Taylor,Medinīpur,Raffinerie Bénévole Suisse
Arkia Sauvage,Ulverstone,service des enquêtes en télécommunication
Shahan Wright,Lago da Pedra,Indiana Hospis
Jazz Zhang,Jicaltepec Autopan,Pluton petroleum
Gibril Robinson,Rio Grande City,Agence nationale de lutte contre les accidents chimiques
Saliah Miller,Coacalco,My Nucléis Mont
Charles Joseph,Passos,directeur local de la Protection civile
Yacime Chazal,Bohinjska Bistrica,FOX
Syloe Alves,Larnaca,« Chen industrie »
Aloyse Zhang,Blaye,Centre de Formation Culinaire de Londres
Josephine Pereira,Apollo Beach,Collectif des Bons Soignants
Lievine Rodríguez,Toms River,syndicat de lutte contre le racisme
Ishan Lewis,Villa Zaragoza,cellule nationale de riposte aux urgences sanitaires
Florville Dassault,‘Āhuimanu,SWATT
Petula Pérez,Zoutleeuw,Speedway
Noeline Martin,Birnin Kudu,Union Pacifique
Halimatou Liu,Caripito,Nos évènements culinaires russes
Zoel Walker,Eceabat,Pop Stay
Jeanina Müller,Santiago de Chuco,Urgence domestique Irlande
Carlos Peter,Laguna Paiva,non au racisme
Birante Simporé,Cul de Sac,Front national pour Paix
Francelyne Capelani,Osprey,Trainvel
John-Lee Clavier,Sadova,British Off-road Cup
Kayssan Walker,Matsumoto,ordres du 1er secours
Reihan Ibrahim,Rowville,Association ‘’Mères battantes’’
Charazed Jackson,Aszód,Bank Helios
Sebastien Couatarmanach,Pogranichnyy,Action-Paix
Anahe Dupuis,Sallisaw,Etat
Defne Li,Hückeswagen,Décor'art
Kina Evans,Koesan,marine tunisienne
Ellea Walker,Golders Green,association des blessés de mer
Assya Torres,la Font d'en Fargues,Chimix.corp
Jakie Roberts,Halluin,non à la consommation du tabac
Redan Ali,Badagara,Ministère des transports
Ferouse Pautrat,Timbuktu,Speedline
Ibrahim Dassault,Lalupon,ministère de la Santé
Anicia Pautrat,La Guancha,Pompier
Charles Laurent,Auray,Syndicat des Travailleurs Libres
Naylla Flores,Mégara,Pesticides bios sûrs
Brunel Jackson,Shupīyan,Organisation de la société civile
Agatha Constant,Rāmjībanpur,KFC
Lucman Turner,San Francisco,Tous contre la sédentarité
Priscyllia Hill,Lumding Railway Colony,Incarcération hautement sécuritaire
Feliciane Clavier,Mafeteng,Métalica Riders
Remicia Wang,Blandon,Minsitère de l'environnement
Redoine Ahmed,Pelagiada,S.L
Wolff Tellier,Mikkeli,ONG qui lutte contre la vente des stupéfiants
Carlos Peter,Fabrègues,ZIP
Marie-Elvire Martin,Santa María Ajoloapan,Ministère des transports
Carlos Peter,Hudson,Agricole pour tous
Chaïmaa Wilson,Jablonec nad Nisou,Police de la route
Elay Jackson,Dasing,Pompier
Yves-Alexandre Anderson,Clinton,K.A.D
Alphena Chen,Bernhardswald,Organisation académique chimique
Silva Da,Vasco da Gama,Mouvement pour des Habitations Sûres
Raimonde Rivera,Siteki,Dealer
Adonay Clark,Baggabag B,centre de recherche Tulin
Madona Laporal,Villaverde del Río,Justice for Brandon and Co
Mayly Parker,Río Blanco,Disons non au sucre
Azat Phillips,Soumagne,Orphelinat « Bonne Avenir »
Estellia Chen,Dengi,Association des handicapés de Bangkok
Speranza Constant,Bachi-Yurt,Labtech
Elzeard Rivera,Ortaköy,non à la pollution
Abdessatar Anderson,Varca,syndicat des douaniers
Malyk Peter,San Rafael,Mouvement Écolo de Praia
Grégoire Laporal,Snyder,Raffinos
Stevane Deneuve,Auburn,association pour la défense de la faune
Sarida González,Dietenhofen,Force de l'ordre
Oumelkheir Miller,St Anne,La Dernière Justice
Scott Jackson,Kourou,Paix et Liberté pour la Mauritanie
Euryale Müller,Tearce,Curlyhair
Wafaa Durant,Ciudad Valles,Orphelinat « Bonne Avenir »
Melissandre Dupond,Sosúa,Conseil National du Patronat
Grégoire Laporal,Werneck,BIOMAX
Shemsedine Baker,Minas de Marcona,Le gîte et le couvert pour les sans-abris
Sloann Zhang,Poşta Câlnău,motards à vie
Charles-Hugo Martin,Tselina,Ministère des transports
Joshua Clavier,Boiro,HealthCare
Juline Miller,Kemalpaşa,Mouvement de Lutte pour les Autochtones
Fredo López,La Lima,AirCorp
Maely Dupuis,Oborniki Śląskie,Force de l'ordre
Zdislaw Thompson,Ambazac,Centrale nucléaire socialiste de Russie
Hachemi Wang,Mill Creek,Cirque
Caty García,Kalutara,les hommes pleurent aussi
Thibault Alekseï,Dinan,non au racisme
Pierre-Jacques Lewis,Ternat,Ministère des transports
Bonko Sauvage,Kenneth City,IPSO
Britta Taylor,Chuckey,Au Nom de la Culture
Kaola Lee,La Paz,"Association ‘’Un foyer, un puits''"
Rokiya Capelani,Lárisa,Push It
Luken Wang,Chakvi,GlobalHealth
Melissandre Durant,Capim Grosso,Amicale « One Way »
Osman Smith,Póvoa de Lanhoso,CRUZ
Lailia Couatarmanach,Marsillargues,Archépuno
Ahmadou Walker,San Juan Cotzal,protégeons nos forêts
Ilenzo Rodríguez,Priyutnoye,XXE
Laura Chazal,Forest Park,Danfil
Conceicao Nelson,Erciş,Chimes révolutionnaires
Niyazi Li,Saint Joseph,Fury Custom
Naoh Ramírez,Coronel Vivida,Femmes indépendantes
Ceyhun López,Gersthofen,Help
Aissatou Hill,Novyy Rogachik,Jump
Kyllian Fernández,Kirchardt,Organisation Italienne des réfugiés
Ansoumane Anderson,Rothwell,Agence nationale d egestion des accidents CRBN
Alberthe Campbell,Scaër,Chercheur d'or
Rui Pereira,Jingui,CENN
Anziz Pérez,Hartsdale,pompiers
Tessnim Thompson,Barbacha,VOLM
Detlef Laporal,Las Piñas,Association des Constructeurs de Nanterre
Anddy Capelani,Ahome,Tous contre la sédentarité
Lauryana Destresse,Beiwangli,Parti pour la Liberté et les Valeurs
Maricka Wilson,Afipskiy,Fleurs et Nuages
Carole-Anne Smith,Shankargarh,Police
Almahdi Zhang,Bogalusa,help
Djamilatou Trameur,San Javier,Les Amis de la nature
Dina Clavier,Roseburg,TEC
Zeev White,Monticello,VAM
Kumba Martin,Vredendal,"Fête fauraine "" Magic Land """
Masire Green,Studley,Responsable sanitaire
Marie-Veronique Clark,Pornichet,"Liberté, Égalité et Bonne Gouvernance"
Basil Williams,Lebanon,Gazana
Fahel Alibert,Shuangfeng,"une forêt, un patrimoine"
Carlos Peter,Cardano al Campo,Cors-epiq
Petula Pérez,West Ham,Talents chimiques mexicains
Marie-Dolores Jackson,Yawa,Police
Adjila Thompson,Ogōri-shimogō,Les Justiciers de l’Ombre
Arthur Abert,Tiaret,LIVY
Gaddiel Taylor,Orden,Mairie
Joshua Clavier,Kurumul,Fédération nationale des associations de directeurs d'établissements et services pour personnes âgées
Mariano López,Vergiate,une couverture pour chaque SDF
Ghilas Ramírez,Mandāwar,FADRIM
Chrisla Lewis,Knivsta,Xfiles
Caty García,Valavanur,Ioni plus
Takine Davis,Malaiba,VAFI
Birante Simporé,Bennebroek,association des Travailleurs Expérimentés
Baligh Ali,Lander,Militaire
Laurent Chazal,Jockgrim,Police
Yoram Rodríguez,Calamba,Cité Verte
Franco Di,Valencia,Happy Family
Thibault Alekseï,Sierra Vista,vivre pleinement
Patrycja Moore,Kežmarok,Fuego
Laura Chazal,San Francisco Tecoxpa,Manger
Arjan Ramírez,Agatti,Parti pour l’Évolution
Thibault Alekseï,Moreno Valley,SQV
Boni Dufour,Steenwijk,Banque
Coryse Carter,Nasirabad,Institut Européen de la Recherche
Eloen Torres,Nanzhang Chengguanzhen,Serbie France
Noeline Martin,Muritiba,Police Maritime
Silla Evans,Allmannsdorf,Naryl
Velleda Wang,Velyka Novosilka,acteurs de la pédagogie pour la réalisation des projets d’études des élèves
Sebastien Couatarmanach,Dindigul,ANYMAL
Evens Rodríguez,Krasnye Baki,Maroc Essencia
Beria Martin,Lithia Springs,SOLV
Silva Da,Qaryat Sulūq,L'Observateur International
Santos Dos,Świdnik,services de sécurité de la tour
Matvey Mitchell,Sainte-Marie,Brigade en charge de la lutte contre la criminalité organisée
Phiby Harris,Dhanbad,Wane industry
Driss Laporal,Oberá,Union des Combattants pour la Paix
Anandi Leguerrec,Conselheiro Pena,livres pour chacun
Sevtap Young,Jipijapa,Lutabac
El-Habib Chazal,Metsemotlhaba,Disons non au sucre
Maima Chapuis,Yaiza,Union des Combattants pour la Paix
Denis Leguerrec,Ifo,"un étudiant, un métier"
Sayda Taylor,El Pedregal,Titanium
Laurent Chazal,Petauke,FNSR
Thibault Alekseï,Salamína,Fondation Arc
Jeanne-Rose Durant,Marienfelde,Foule
Ivanoe Nguyen,Grogol,Association « Espoir des hommes »
Lyllou Durant,Shchigry,Chercheur d'or
Silva Da,Williams,Axiep
Adim Hall,Barwāni,syndicats des avocats vétérans
Silva Da,San Pedro,Association des consommateurs de produits high-tech
Chanese Nguyen,West Gate,Fidèle
Harel Fernández,Littleton,association des boulangers de Paris
Arthur Fernández,Clawson,syndicat des agriculteurs
Walida Alibert,Castellane,"Front "" No Alcohol """
Laura Chazal,Orleans,"Université "" Moon High school """
Lola Lewis,Brixton Hill,armement russe
Silva Da,Biryulëvo Zapadnoye,RTOM
Kaito Thomas,Tayug,Milan Chimie universelle
Carlos Peter,Painesville,MAXCO
Enes Parker,Trutnov,CNE
Kayssan Walker,Zapfendorf,Parti Libre du Danemark
Nouah Simporé,Müncheberg,"un enfant, un abri"
Cléa Destresse,Ladismith,Police
Ahsan Carter,Kālāgarh Project Colony,Energy&life
Josephine Pereira,Kista,Pékin laborus
Ahron Mitchell,Chāndūr,Secours des Urgences Maritimes
Thibault Alekseï,Granite Bay,"un chat, une vie"
Melysa Laporal,Carrollton,Banque
Azat Phillips,Olfen,Syndic-agric
Madeline Duverney,Saint-Rémy-lès-Chevreuse,Xpeng
Alphonse Liu,Brühl,L’Institut espagnol de santé publique
Keina Wright,Slobozhans’ke,Joslin Nucléis
Blin Laporal,Popasna,Association ‘’des infectiologues de Belgique’’
Turquoise Gómez,São Benedito do Rio Preto,univers pour tous
Amytis Duverney,Amuquhu,groupement Centre d'atterissage
Josselyne Peter,Lethem,oui au récyclage
Anicet Laporal,Metlaoui,Forces armées
Mathusan Hall,Fort Drum,XXR
Muge Taylor,Spanish Lake,Brigade en charge de la lutte contre la criminalité organisée
Prele Scott,Kibiti,BOMO
Nidal Mohamed,East Liverpool,Bel avenir
Sevilay Walker,Milwaukee,Euro Asie Pétros
Bruno Alves,Negru Vodă,Push It
Eli Chapuis,Orşova,Aidons les chimistes bénévoles
Kaito Thomas,Kabanjahe,Pluton plus
Daphnee Zhang,Santana do Paraíso,non à la fumée
Niyazi Li,Marovoay,X5
Silva Da,Wangen,"Mon corps, mon choix"
Meïlie Li,Fortín de las Flores,Groupe de dealer de drogue
Amaru Rodríguez,Tha Ruea,VGT
Ismail Allen,Las Torres de Cotillas,Police
Herminia Sauvage,Coventry,TOLIMANA
Americo Rodríguez,Norton Shores,Républicains
Damien Abert,Uniondale,livres pour chacun
Cléa Destresse,Anastácio,Taste Me Groom
Pierre-Henry Ramírez,Biloli,Espoir et Vie
Laouny Simporé,Dome,journalistes
Taïla Jones,Bochum,Parti Démocratique pour le Changement
Samirha Rodríguez,Songkhla,Parti Démocratique pour le Changement
Antonie Moore,Zehdenick,association des anciens de l'Université
Silva Da,Sarikei,Association des Athlètes de la Normandie
Thibault Alekseï,Dallas,"Centre zoologique "" Cortana """
Coryse Carter,Yunak,Agence nationale de la gestion du Foncier
Anthia Taylor,Tombolo,Shalma Event
Constance Dupuis,Lone Grove,Jeunesse en Péril
Celya Walker,Songjiang,"Parti pour la Liberté, la Justice et l’Égalité des Classes"
Hamza Martin,Naraina,XCOR
Therise-Marie Clark,Kosan,S’Épanouir
Kamron Martin,Gerona,Yes We Corn
Adim Pérez,Orerokpe,enough
Thiana Lewis,Castelfranco di Sotto,Panthers
Iulia Torres,Bohodukhiv,HIMA
Noeline Martin,Shibīn al Kawm,Association des Constructeurs de Nanterre
Ily González,Curup,Reporters d’images de cocktail
Kursley Müller,Maubin,Civil Rights
Khoudjedji Gómez,Güdül,cellule accidents chimiques et biologiques
Tou Hall,Akbarābād,Varsovie Sécuritis
Ginella Wright,Somotillo,Santé pour tous
Nataniel Wright,Moldava nad Bodvou,chercheurs traditionnels
Feliciane Clavier,Horten,banque centrale
Rezan Chen,Khouribga,La Pyramide
Tunahan Carter,Qiaoguan,JIAIL
Odric Joseph,Agawam,enjoy
Chahra-Zed Wright,Otrokovice,Fast Custom
Muge Taylor,Großkarolinenfeld,Pompier
Lewan Smith,Rosenfeld,FIREMEN FORCE
Martin Deneuve,Röbel,FIR
Wafa Fernández,Sindi,Shepha
Deborah Müller,Hooper,Ong américaine « Health »
Joss John,Ignacio Zaragoza,"Parti pour la Liberté, la Justice et l’Égalité des Classes"
Anes Tellier,Washington,Agence nationale de santé publique
Ildefonso Miller,Binissalem,Lifecar
Kainan González,Artvin,Avenir d'Afrique
Florella John,Phnom Penh,Recherche d’élite d’Australie
Keïlan King,Al Jubayhah,Dealer
Amantine Müller,Zacamulpa,Institut des chercheurs d’élite de londres
Dianna Destresse,Santiago,Touriste
Meïna Zhang,Gourock,UPD
Balsam Smith,Teotihuacán de Arista,Reporters d’images de cocktail
Jose-Pierre Ferreira,Tecax,Non aux risques chimiques parisiens
Elohane Nguyen,Albertville,ONG rezo-santé
Yosr Hernández,Paramount,Teenage-chemist
Adonaï Sánchez,Matias Barbosa,HONEY
Mohammed-Taha Miller,Berkeley,Association des handicapés
Enimie Mohamed,Querfurt,Société Nationale de l'Energie Nucléaire
Jaimie Carter,Carolina,Association Allemande des serveurs de repas
Ludmina Parker,Skidel’,protégeons nos forêts
Mirza Johnson,Purpe,Forces de Libération Flamandes
Khardiata Roberts,Ligny-en-Barrois,"Association ‘’Une moto, un casque"
Fauste Dufour,Juan L. Lacaze,Jewelry
Jonathann Trameur,Holíč,ONG A.L.P
Belkiss Miller,Columbiana,Cartel
Romualde Clavier,Rees,Janus petroleum
Thibault Alekseï,Tham Phannara,Soins sanitaires pour tous
Fayssal Tellier,Kainantu,Police
Margarete Davis,Danbao,univers pour tous
Aouali Thompson,Consuegra,CHGT
Aliana Ahmed,Little Hulton,Agros plus
Johannes Tellier,Braunton,Parti de la Jeunesse Consciente Émancipée
Grégoire Laporal,Moche,ONG Philantropist
Santos Dos,Karakul’,Association des producteurs de Vin de Liège
Arkia Sauvage,Nimāparha,ONG Alliance
Zlatko Robinson,Harrison,"un homme, un devoir"
Jean-Cedric Liu,Beihai,Unis pour tous
Emmy-Rose Alves,Punao,Yes We Corn
Franco Di,Luanco,Agence Nationale de Sécurité Routière
Jack Tellier,Bentong Town,Organisation internationale centrales nucléaires sécurisées
Marie-Rose Sánchez,Goole,Horizon
Silva Da,Jiachuan,"un livre, une vie"
Antoine Duverney,Kladno,Giving Rights
Zdislaw Thompson,Iradan,ensemble contre la malnutrition
Djael Rodríguez,Giv'at Shmuel,direction départementale de la santé
Vangelis Ibrahim,North Bel Air,ministre de la Sécurité
Beyrem González,Vorob’yovo,Chimico-mexico
Loranne Walker,Habo,Ministère du commerce
Silva Da,Caohui,MATRIX NUCLEIS
Carlos Peter,Neustadt an der Waldnaab,Services du premier secours
Pinda Allen,Terryville,Cors-epiq
Raky Carter,Daru,Happymals
Amrine Alibert,Jianlong,HATC
Mikal Chazal,Kushnarënkovo,Labri plus
Magdaleina Dufour,Haselbachtal,Police
Djack Müller,Steinheim,Nouvelle chapitre
Chanese Nguyen,Bo Phloi,RIVEGANG
Cilya Young,Astorga,Association ''Stop à la Malaria''
Tedji Wilson,Jovellanos,l’Office de l’Union Européenne pour la Propriété Intellectuelle
Sinead Ibrahim,Kadi,Police
Bourhanoudine Tellier,Sa Kaeo,Anti explosion Kenya
Ayiana Ferreira,Adro,AWP
Lorita King,Penkridge,PORTA
Lodoiska Pérez,San Carlos,Etat
Shehrazad Adams,Waina,La mairie
Mikal Chazal,Lavaur,ZH
Vangelis Ibrahim,Kozluk,assurances vie et santé
Kalinda Taylor,Wald-Michelbach,Navire impérial
Franco Di,Ecorse,Tous en cuisine
Jack Tellier,Gehrden,ONG rezo-santé
Maely Dupuis,Tlajomulco de Zúñiga,Organisme de Lutte contre le Trafic Illégal de Biens
Hailie Chen,South Sioux City,Hydrobom
Mikal Chazal,Mildura,Eté en Folie
Wafa Fernández,Đại Đồng,Association pour la protection des eaux et forêts
Mami Dassault,Brechin,Interpol
Melysse Dupuis,Băbeni,l’Association ‘’Non au suicide’’
Emelia Carter,Hailun,Association ‘’Non aux femmes battues’’
Silva Da,Água Branca,Organisation des biologistes
Salmane Davis,Sinzing,Association pour un Travail Équitable
Annouchka Martínez,Kentville,Hippower
Tahyss Brown,Ingle Farm,Pompier
Louisa-Rose Green,Bembibre,Ministère des transports
Leontel Alves,Morden,SXT
Franco Di,Grabels,Raffineries familiales prospères
Yamato Trameur,Bodri,BIRMAR
Charles Joseph,Sestu,Coalition pour le Renouveau et l’Honneur
Reihan Ibrahim,Griviţa,Grabitel
Radhia Adams,Balezino,Police départementale
Tehillah Thomas,Gounou Gaya,DDF
Thibault Alekseï,Shimizu,Propriétaire de bateau de plaisance
Tertullien Lee,Sammamish,BU
Franco Di,Prienai,Lotus Bleue
Illi López,Smarhoń,chaque personne pour le même droit
Keloan Flores,Mhango,BLUE
Santos Dos,Zuénoula,Pluton plus
Alain Dupond,Dos Hermanas,ABCer
Irwan Harris,Münnerstadt,ONG Philantropist
Malonn Alves,Sunshine,Anti risques chimiques
Silva Da,Szentendre,Sourire à la vie
Enelya Peter,Christiana,une chance pour tous
Jose-Pierre Ferreira,San Miguel el Alto,Rye Mahalal
Ozvan López,Caoqiao,Organisation de l'aviation civile
Anthelmine Thomas,Chāmpua,Coalition pour la Science Consciente
Bao Ibrahim,Gangtok,PETROMA
Surya Trameur,Xiva,"l’Association ‘’ Un enfant, un foyer"
Eydel Durant,Chikodi,oui au cannabis
Ema Campbell,Sarrians,Pyrolab
Carlos Peter,Dhulagari,Sentinelle
Maxime John,Bhīkhi,banque
Rody Laporal,Severo-Zadonsk,ROUDEX
Chanis Taylor,West Dundee,Organisation de Police Internationale et Régionale
Anni Capelani,Plainview,"Association ‘’Une moto, un casque"
Aloha Li,San Pawl il-Baħar,Rescousse africaine
Liandro Jones,Rānāvāv,"Boite de nuit "" Pretty Woman """
Corantin Hall,Filipeştii de Târg,Thabor Group
Riwen Leguerrec,Lauro de Freitas,helping
Anicia Pautrat,Hluti,une nourriture pour chaque famille
Santos Dos,Crystal Palace,REXA
Cassandra Johnson,Kwakoa,"Je suis trisomie, je suis une personne"
Alcida Parker,Greenbrier,Association ‘’Société sans violence’’
Lyess Rodríguez,Ghugus,"Liberté, Justice et Sécurité"
Najibe Harris,Santo Antônio do Leverger,banque
Seth Lewis,Warnsveld,les hommes au contrôle
Dorinne Jones,Santa Comba Dão,Santé verte
Lilou-Anne González,Ciudad de Allende,Banque
Darline Liu,Ningyang,Comité de Lutte contre les Stupéfiants
Charles Joseph,Avenel,Aircraft
Rock Simporé,Tottenham,Pompier
Léna Trameur,Zutendaal,gang de toxicomanes
Joshua Clavier,Lubumbashi,Service de la Sûreté de Santiago
Grégoire Laporal,Flines-lez-Raches,Tous à l'école
Sylvelie John,Atibaia,« club clean up »
Carolanne Dassault,Anjala,Non à la maltraitance des enfants
Adim Pérez,Bu'ayna-Nujaydat,Ministère de la santé
Charles-Hugo Martin,Shakhan,ministre des affaires étrangères
Zlatko Robinson,Sehore,"un enfant, une famille"
Attilio Adams,Florø,banque
Madden Simporé,Rio do Sul,Santé sans frontière
Nawale Nguyen,Aabenraa,Police départementale
Indie Moore,Poço Branco,Association Avenir Vert
Mauryn Roberts,Hyderābād,Parti pour la Paix et le Développement
Thibault Alekseï,Longtang,Clean Pool
Cedryk Lewis,Brest,Association ‘’Médecin du bout du monde’’
Fredo López,Cordova,ONG Lis-Moi Ta Vie
Silva Da,Pound Ridge,Alimentation universelle africaine
Yousuf González,Karabash,groupement des commerçants locataires
Lodois Lee,Ordes,VIEW
Himed Chazal,Arnstein,marine tunisienne
Misa Williams,Doctor Arroyo,Etat
Safiya Johnson,Temuco,Mouvement de Lutte pour les Autochtones
Gibril Robinson,Fort Bliss,Pompier
Ticiana Wright,Devrek,Agence gouvernementale pour les recouvrements
Léna Trameur,Norderney,Peacemakers
Laurelen Dupuis,E’zhou,Organisation Intergouvernementale pour la défense des droits humains
Greyson Rivera,Shumerlya,motards à vie
Amable Martin,Santa Marta de Ortigueira,entreprise de recyclage des déchets plastique
Syanna Ferreira,Santa Maria de Palautordera,Ong « arbre pour tous »
Khoudjedji Gómez,Trofarello,chaque enfant pour le même droit
Alain Dupond,Canet-en-Roussillon,AFIF
Alyce García,Shaji,les pompiers
Jonathann Trameur,Hamilton,Sauvons l’enfance bienheureuse
Kattia Ramírez,Qarazhal,Front Populaire des Combattants de Paix
Cidalia Walker,Qing’an,Tunisie Hydro-Carbo
Senda Sánchez,Guadalupe Victoria,banque centrale
Analucia Dupond,Huai Khot,ONG Terre Verte
Charles Joseph,Bangil,LabLife
Janita Parker,Rāhuri,Unité de lutte contre le trafic de biens culturels
Gokdeniz Flores,Oakland,DAKAR
Alhya Ali,Hechuan,Trainvel
Enimie Mohamed,Gundlupēt,ONG Share humanity
Balthazar Ahmed,Nambour,SWATT
Nosredine Couatarmanach,Qiryat Mal’akhi,Fin de Vie en Paix
Keyssie Hall,Loanhead,Syndicat des Amoureux du Raggae
Latife Duverney,Bilbao,ANFES
Gisel Torres,Agerola,Eaty
Thiana Lewis,Yaotsu,Educ et Vie
Kaito Thomas,Fraccionamiento Arboledas San Ramón,Bradley Corp
Kaitline Anderson,Ambulong,CDRS
Grégoire Laporal,La Bouilladisse,ministère de la Défense et de la sécurité marine
Sly Liu,Quiévrain,My Nucléis Mont
Presilia Torres,Middlesbrough,Triz
Charles Joseph,Farrington,Laboratoire bien bénévole
Melysse Dupuis,Maryville,CECR
Raky Carter,East Orange,Avenir Climat
Gouler Nelson,Mount Pleasant West,Faiseurs de pains
Josephine Pereira,Kuliyapitiya,Beauty
Lhacene Williams,Novodmitriyevskaya,SSD
Thibault Alekseï,Campina Grande do Sul,Pompier
Guy Evans,Puzi,Hôpital
Luken Wang,Canegrate,Police Britannique
Ilenzo Rodríguez,Ivoz-Ramet,SXT
Ludvick Ahmed,Castleknock,Pétrole pour tous
Ana-Clara Durant,Blue Ash,Musulmanes illuminées d’Asie
Khardiata Roberts,Yerofey Pavlovich,Blakywall
Yousuf González,Talanga,MIDAS
Jully Davis,Beveren,Maçon
Emiline Roberts,Alakak,Usine centrale asiatique
Moundhir Thomas,Neuenbürg,groupement du respect du droit de l'homme
Anna-Rosa Peter,Langepas,Comité pour la Cohésion et la Paix en Égypte
Alena Gómez,Schrozberg,Mairie
Ouarida Williams,Loa Janan,motorcycle
Didem Dufour,Taffūḩ,Dealers aguerris
Loganne Harris,Târgu Cărbuneşti,Filligrane
Athos Flores,Pass Christian,Connecto
Yacime Chazal,Hinna,Sucre
Jurien Rodríguez,Bad Griesbach,Joie enfance lumineuse
Chani Hill,Ashburton,oui à l’interruption volontaire de grossesse
Shayline Hill,Ogawa,Fondation Dassault
Greyson Rivera,Urubamba,XXE
Adonay Clark,Santa Rosa,Hôpital
Abdelhake Miller,Hitzacker,Police
Radhia Adams,Aksu,Stop à la violence faite aux femmes
Thibault Alekseï,Fuglafjørður,Amical des touristes mexicains
Liviana Moore,Gateway,Ong « ma passion »
Naïlah Thompson,Gleno,La Pyramide
Carlos Peter,East Brainerd,Tous unis contre la cherté de la vie
Arlo Lewis,Suresnes,Non au SIDA
Thibault Alekseï,Waxhaw,Salam
Arthur Abert,Persan,Organisation de la Sûreté Mexicaine
Mariano López,Pithorāgarh,Cirque
Sahila Williams,Kaédi,JUD
Lauriano Constant,Az Zaytūnīyah,la Police républicaine
Amantine Müller,Agulu,acteurs de la pédagogie pour la réalisation des projets d’études des élèves
Lil Martínez,Wölfnitz,l’association des étudiants des facultés de sciences
Maely Dupuis,Caruthersville,Let's Fly
Santos Dos,Buriti dos Lopes,Pétrole pour tous
Sevtap Young,Jingzhou,femmes avocates
Fredericque Martínez,Pelsall,SSD
Phi White,Beni Khalled,Gardes-côtes
Fredericque Martínez,Bisingen,VTT
Viet Liu,Santes,Arabie Saoudite
Kenjee Green,Dąbrowa Górnicza,Happy Family
Silva Da,Yalvaç,mille rêves
Thibault Alekseï,Capula,Carnaval
Soudaïs Couatarmanach,Lianhe,ONG Sauvons l’Amazonie
Ayiana Ferreira,Lahaina,Manger
Noeline Martin,Kawm Umbū,Habitant d'Anshan
Rezan Chen,Ibb,Sécurité Féminine
Odric Joseph,Torquay,entreprise de recyclage des déchets plastique
Mauryn Roberts,San Carlos,non à la consommation du tabac
Cléa Destresse,East Elmhurst,Banque
Johary Deneuve,Mbulu,Compagnie Nationale de Navigation Maritime
Luis-Miguel Hassan,Hacienda Santa Fe,Amical des ouvriers Metro Paris
Sosthenes Dupond,Carmelo,La mairie
Charles Laurent,Sânandrei,Pompier
Romualde Clavier,Yelets,Black Brothers
Anina Trameur,Hot Springs,LMV
Abelle Thomas,Princeton,Association des Cheminots
Ema Campbell,Cusseta,fondation Taylor
Caty García,Waldon,Money
Anthelmine Thomas,Knaresborough,Bomos
Ramona Gómez,Helden,centre de recherche Tulin
Euryale Müller,Rionegro,"un enfant, une famille"
Baroudi Hassan,Rāmkola,Womanize
Chanis Taylor,Jena,Organisation guatémaltèque de la santé publique
Diego Sauvage,Parvomay,Disons non au port d’armes à feu
Chaïmaa Wilson,Khorol,syndicat des économistes vétérans
Djuna Smith,Oirschot,BINI RSC
Charles Laurent,Hilvan,gouvernement du Brésil
Jacinthe Hall,Merriam,ONG qui lutte contre la vente des stupéfiants
Ana-Clara Durant,Shevchenkove,Bradley Corp
Estellia Chen,Wynne,Verdad
Alain Dupond,Baiguan,cellule accidents chimiques et biologiques
Innocenzo Jackson,Kadakkavoor,ministère de la Santé
Railley Hall,Ajalpan,ONG Stop Violence
Mellina Couatarmanach,Yahyalı,Syndicat des Agents de la Centrale de Surveillance de Tours
Aiyoub Green,Sapatgrām,JIHU
Ceyhun López,Doddaballapura,Unité de lutte contre les cambriolages
Catherin Williams,Hereford,association des chimistes vétérans
Chjara Nelson,Alvand,Police
Sly Liu,Pinar del Río,syndicats d'infirmières et de sages-femmes
Elin Sánchez,Semenivka,Bomos
Billel Alibert,Luoda,Elaylab
Jemy Alibert,Fuller Heights,Association ‘’Non au trafic des enfants’’
Jack Tellier,Olds,Help
Lisandre Thomas,Ostrava,Grand fournisseur
Comba Evans,Atitalaquia,laboratoire Smith Jounaidi
Ivanoe Nguyen,Farmington,Les garde-côtes japonais
Antoine Duverney,Naters,SJA
Thibault Alekseï,Chapelizod,Université de New York
Lïa Brown,Teocaltiche,Centrale nucléaire bénévole française
Sebastien Martin,Longfeng,Club des Leos
Bolo Destresse,Palagianello,un pour tous
Muge Taylor,Emirgazi,Paris santé de qualité
Viollette Martin,Geva Binyamin,"un étudiant, un métier"
Rasim Evans,Küssnacht,association des étudiants étrangers
Sylvelie John,Villanuova sul Clisi,Association ''Volontaire du Monde''
Maricka Wilson,Hudson,Reporters anti violence
Kina Evans,Elbeuf,Agence pour la Sécurité Routière
Juan-Miguel Brown,Féres,LM
Desty Duverney,Urziceni,Agence Digitale des Grands Événements
Gaddiel Taylor,Zalukokoazhe,"Association ‘’Un Homme, un vote’’"
Nebahat Nelson,Novomikhaylovskiy,Amicale « One Way »
Katell Clark,Az Zulfī,association des Jeunes Artisans
Chamina Anderson,Punjai Puliyampatti,Police
Farda Duverney,Esashi,ONG internatinale AccessLife
Yllan Jones,Olsztyn,Level
Elliott Wright,Bāmor Kalān,Gen tomorrow
Thibault Alekseï,Tortosa,Ong américaine « Health »
Brunel Jackson,Belton,Police départementale
Djelina Ferreira,Dzüünharaa,"La boratoire "" WGF """
Soleyna Müller,Condado,Association des Secouristes de Premier Ordre
Analucia Dupond,Auch,Education féminine universelle
Jibril Destresse,Cumiana,groupe des militants pour la défense des forêts
Malonn Alves,Vitorino Freire,gouvernement du Brésil
Martin Deneuve,La Julia,cellule de lutte contre la contrebande
Cleden Carter,Madison,Société suisse des industries chimiques
Ane Dufour,Pingding,L’Association française des carreleurs
Dmitri Dupond,Civitanova Marche,ABCer
Slavko Li,Narborough,Pour le Sang
Maroan Wright,Marysville,cellule d’analyse de la criminalité
Milda Pautrat,Taperoá,Office national de contrôle de qualité
Deavon Martin,Colihaut,Angel
Mami Dassault,Iconha,Association pour un Travail Équitable
Clady Campbell,Rovenky,Union de la Progression
Angelita Chazal,Martigny-Ville,Compagnie Nationale de Navigation Maritime
Nathan Torres,Aldridge,toujours ensemble
Deeclan Rodríguez,Pazar,Association ''Zéro complexe''
Arthur Fernández,Montigny-lès-Cormeilles,La Dernière Justice
Montserrat González,Trondheim,ZONGTECH
Antoine Duverney,Basse-Goulaine,Maya plus
Florella John,Wiener Neustadt,Non aux trafics des enfants
Steven's Clavier,Romans-sur-Isère,Gencox
Firmaine Pereira,Rheda-Wiedenbrück,Nationalistes
Lauryann Capelani,Bizhbulyak,Bruxos-Pestos
Adilia Lee,Huangmen,Association des Militants de la Paix
Jack Tellier,Takayama,Les Humains d’Abord
Maeva Capelani,Darende,Aéroport de Madagascar
Remicia Wang,Titron,ensemble contre les coureurs de jupon
Wilman Dufour,Marlton,Livres pour la vie
Zinedine Lewis,Kalininsk,Pétroliers très prospères
Redan Ali,Guri-si,étudiants en littérature
Anne-Lise García,Beloslav,association des blessés de mer
Ticiana Wright,Sinnūris,médecin chef aux urgences à l’hôpital de Paris
Marcienne Miller,Árta,Manja Pasta
Dat García,Holyhead,syndicats des avocats vétérans
Ewans Fernández,Kabompo,Home Sweet Home
Kaitlin Wilson,Barro,Aina
Ferruccio Trameur,Union Hill-Novelty Hill,AirCorp
Rislane Dupond,Siwān,Parti Pour la Liberté et la Satisfaction
Kaola Lee,Supía,AirCorp
Francelyne Capelani,Chongoyape,Organisation des biologistes
Alena Gómez,Richterswil,Asociation ‘’des infectiologues d’Allemagne
Silva Da,Arab,Ministère du commerce
Aretha Harris,Balaklava,militants de Front national pour Paix
Keïlan King,Richlands,MIDAS
Elzeard Rivera,Consolacion,Marine Land
Sebastien Couatarmanach,General Miguel Alemán,Association des chercheurs en sciences du New Jersey
Anna Sauvage,Gediz,Stop au cancer
Auguste Ferreira,La Concordia,Untuk Kehi Dupan
Yosr Hernández,Tepeji del Río de Ocampo,Wall
Eddine González,Iğdır,Cotrapêche
Elikya Harris,Acacoyagua,Build It For Good
Hannelore Rodríguez,Camp Swift,Livres pour la vie
Abdalah Brown,Saulx-les-Chartreux,Banque
Aïwen Wright,Altentreptow,Fondation Alaitz
Senda Sánchez,Baixi,Pour la Vie et l’Honneur
Layanna Dufour,Anröchte,non au trafic des enfants
Celin Hernández,Kambia,association des chimistes vétérans
Kaito Thomas,Caazapá,MX vs ATV
Wallys Duverney,New City,L'Observateur International
Oliphie Trameur,Ondjiva,Compagnie aérienne
Malena Pereira,Hebertshausen,L’Institut espagnol de santé publique
Ionis Lee,East Haven,groupe de pêcheurs
Eliseo Lewis,Cullowhee,"Ong « une vie, un bonheur »"
Zlatko Robinson,O Barco de Valdeorras,Hydro Ontario
Alice Parker,Elorrio,Groupe des LGBT
Ovadia Rodríguez,Al Kiswah,happy
Lyess Rodríguez,Belek,Service des Urgences de la forêt
Elin Sánchez,Ngerengere,Ending Aids
Abdelhedi Rodríguez,Vilar de Andorinho,Jumplife
Janita Parker,Maramba,Non au numérique
Amiel Leguerrec,Nerkin Getashen,Segurança
Anne-Laetitia Jones,Gomoh,PONUMA
Houyame Alves,Moriguchi,Protégeons nos lacs
Narjis Young,Drăgăneşti-Olt,toujours ensemble
Senda Sánchez,Likhobory,Ordre de Sauvetage des Migrants
Tycia Phillips,Dibrugarh,Association ‘’Luttons contre la drépanocytose ’’
Annaline John,Kondagaon,"une femme, un pouvoir"
John-Lee Clavier,Kaysville,TIMAT
Brayden Clavier,Amloh,Freedom for all
Dondu Williams,North Riverside,Maroc Essencia
Ivanoe Nguyen,Neubrandenburg,Club Jeunesse Épanouie
Charles Joseph,Sæveland,Star pétro
Guilhen Carter,Kirtland,Interpol
Bruno Alves,Depok,Star pétro
Cyprien Mohamed,Osogbo,Haircare.corp
Manao Smith,Coronel Fabriciano,Association ''Stop à la Malaria''
Santos Dos,Casal Bertone,Collectif des Commerçants de Londres
Carlos Peter,Castro de Rei,Ma Filmograf
Barta Johnson,Lydney,Nascar
Santos Dos,Fayetteville,syndicat des travailleurs de l’industrie chimique vénézuélienne
Almahdi Zhang,Amalfi,laboratoire Ali Gwenna
Assiata Chazal,Santa Ana,Respect et Dignité
Noeline Martin,Pimpama,Pompier
Nahil Pérez,Pānīpat,Syndicat des cultivateurs du Bénin
Dianne Liu,Kaş,Mers assainies
Loetitia Thompson,Conceição do Araguaia,Libertas
Assna Scott,Castillo,"Hôpital "" CHU PZAGA """
Sinaly Ali,Goris,Rescousse africaine
Bourhanoudine Tellier,Dayr Dibwān,ONG Civic Freedom for all
Toma Nelson,Savarkundla,Services du Premier Secours
Ramona Gómez,Banyuwangi,Association de protection des oiseaux
Rody Laporal,Zhuyuan,Agence nationale de protection des biens culturels
Meydi Tellier,Winfield,agence nationale pour la sécurité alimentaire
Roddy Duverney,Cenon,Association ‘’Tous les enfants à l’Ecole’’
Ayele Pereira,Pressbaum,secouristes
Emilio Gómez,Sukagawa,numérisons tout
Housnati Ferreira,Chandler,La santé pour tous
Tilia Torres,Daet,Fuego
Thibault Alekseï,Kandhkot,GlobalHealth
Neri Roberts,Janūb as Surrah,non au trafic des bois
Silva Da,Villagarzón,OSM
Errol Wang,Monterey Park,Janus petroleum
Ludvick Ahmed,Sarcelles,Industrie d’hydrocarbures royales
Chelsee Green,Ilhabela,RTOM
Djessica John,San Fernando,"Un sinistre, une assistance"
Ildefonso Miller,Uglekamensk,ensemble contre la malnutrition
Marian Hernández,Key Biscayne,Hydrocaris
Lodoiska Pérez,Terra Santa,Paix et Sécurité pour Tous
Sinaly Ali,Adamovka,Pompier
Athos Flores,Kapoeta,SITEY
Mayare Gómez,Qā’en,"Un enfant, un sac, un cahier"
Meleane Martin,Tuineje,ordres du 1er secours
Baroudi Hassan,Psie Pole Południe-Kiełczów,ONG Pacifique
Agatha Constant,Kherālu,Joie enfance lumineuse
Lesline Dassault,Narela,Famille Clavier
Franco Di,Barro Alto,Agence Nationale des Sciences Informatiques et Mathématiques d’Espagne
Sylvere Peter,Vol’sk,véhicule
Souraya Dupuis,Kitakata,Urgence
Ferouse Pautrat,Rockcliffe-Smythe,SILENCE
Milena Trameur,Crumlin,BUNI
Izabelle Adams,Strzyżów,services des urgences de l’hôpital
Lullaby Zhang,Samarate,Ong Terre de Vivants
Khadidia Campbell,Nipomo,Association des Journalistes de News York
Dulcie Dupuis,Nova Gorica,Pompier
Eogan Ahmed,Saint Marys,MC Motors
Maxime John,Ljubuški,Laboratoires chimiques sécurisés
Sinead Ibrahim,Mek'ele,Comité des Scientifiques
Arthur Fernández,Pınarbaşı,Brigade anti-criminalité
Anyse Lee,Çüngüş,Gama-téta
Kireg Mohamed,Waco,JBL
Laurent Chazal,Shpola,mafia russe
Zarko Pérez,Canton,stop à l’harcèlement
Fauste Dufour,Poiana Teiului,XCAO
Rose-Heline Chazal,Lede,Association pour la défense des eaux
Cleden Carter,Bato,groupe PureGold
Symphorien Johnson,Argenton-sur-Creuse,Sweet Dream Funeral
Leontel Alves,Kolpny,Agence nationale pour la gestion des déchets radioactifs
Indie Moore,Piscu,Planète verte
Jeanina Müller,Güimar,SSD
Ahsan Carter,Patnanungan,Eté en Folie
Thibault Alekseï,Centerville,ADH
Pierre-Jacques Lewis,Ruzayevka,Chimico-mexico
Shayline Hill,Hillerød,Association «Une vie»
Maxime John,Medulla,"Mon corps, mon choix"
Laurent Chazal,Northgate,S’Épanouir
Placida King,Turmero,Centrale nucléaire bénévole française
Marie-Angelique Anderson,Huaquillas,Collectif des Bons Soignants
Hermann Dufour,Murrieta,Association ‘’Non au trafic des enfants’’
Heli Dupuis,Almora,l’Organisation des jeus d’échecs
Jeanina Müller,Manor,BDF
Liberata Miller,Kalmar,Organisation de Police Internationale et Régionale
Noeline Martin,Coraopolis,Mairie
Gemina Pérez,Larbert,Juntos contra el cáncer
Tomasz Baker,Puerto Natales,Service d'information sur la criminalité organisée
Jack Tellier,Helotes,Usine centrale asiatique
Elikya Harris,Kapchorwa,Chismisto Madi
Desty Duverney,Carnoux-en-Provence,Triz
Thibault Alekseï,Corning,association protégeant les droits des enfants
Edwin Anderson,Rrogozhinë,Tous homophobes
Aarone Smith,Hvidovre,association AEMC
Ardian White,Paredes,L’Association française des carreleurs
Melysa Laporal,Begowāl,PRIMA
Fateh Destresse,Bristol,Asociation ‘’des infectiologues d’Allemagne
Athman Hill,Winchester,Tous unis contre la cherté de la vie
Kina Evans,Buloh Kasap,Nitrate plus
Neserine Phillips,Aridaía,directeur régional de la sécurité routière de Bizerte
Naïlah Thompson,Alausí,Fondation Nelson
Irmgard White,Sahaspur,livres pour Tous
Azel Evans,Pujali,Sacie
Sory-Ibrahim Durant,Pia,Post apocalypse
Grégoire Laporal,Montanaro,Espagne équipement chimique
Juline Miller,Eltingville,YONGA
Tuncay Roberts,La Dorada,Reporters anti violence
Balsam Smith,Radovanu,Police
Laura Chazal,Tuxtla,Pcok
Yeline John,Manchester-by-the-Sea,Mairie
Esperance Li,Santa Maria La Carità,VIEW
Adja Rivera,Los Gabatos,Association ‘’Non au trafic des enfants’’
Maeva Capelani,Klintsy,Club des Patrons de Buenos Aires
Sinaly Ali,Mutterstadt,Segurança
Lakdar Alibert,Flores da Cunha,TALEGH
Kezio Rivera,Fountain,Collectif des Marcheurs Silencieux
Estellia Chen,Balad,"Syndicat des Figurants, Doubleurs et Cascadeurs"
Betina López,Monte Real,Union des États de la Corne de l’Afrique
Anne-Celine Smith,Rusera,construire son avenir
Jonatan Pautrat,Fairwood,AJABEMA
Bruno Alves,Taishihe,Association Pour la Vie
Cyhan Parker,Busca,Pop Stay
Guler Gómez,Wangkui,"une mère, une idole"
Franco Di,Guspini,Labricomma
Jalen Gómez,Forssa,CENN
Gibryl Walker,Camajuaní,CELL
Martin Deneuve,Prattville,liberté pour les transgenres
Louisa-Rose Green,Udobnaya,BGRN
Rislane Dupond,Siderópolis,Police
Icare Smith,Kanekomachi,agence nationale pour la sécurité alimentaire
Consuelo Baker,Safi,plongeurs des garde-côtes espagnols
Jully Davis,Hekou,Al Matirsoui
Bela García,Chanderi,Pompier
Maelysse Destresse,Lopez,premier responsable de la sécurité routière
Marcienne Miller,Plainview,Pompier
Deavon Martin,Steinenbronn,Forces d’intervention routière
Adelaida Jackson,Jiangjia,MOPROX
Harel Fernández,Ribeirão Preto,ensemble contre les coureurs de jupon
Zahera Taylor,Riversdale,Centrale nucléaire socialiste de Russie
Erion Ibrahim,Roschinskiy,SSD
Adim Pérez,Quipapá,Taste Me Groom
Arthur Abert,Malahide,MOROU
Ouarida Williams,Borgerhout,Association des travailleurs de Zoe Production
Bitou Duverney,Cumberland,Unité de lutte contre les cambriolages
Claire-Alix Mitchell,Balqash,Triz
Aretha Harris,Albertslund,Véhicule
Ozvan López,Oceanside,MONOP
Laura Chazal,Tsingoni,Centre poison
Hayri Simporé,Krasnoyarskaya,proviseur du lycée technique de Bourgogne
Diego Sauvage,Rudnichnyy,mille rêves
Ovidiu Martínez,Somerset,Avenir Climat
Laurent Chazal,Navadwīp,Sauvons la chimie appliquée
Brigitta Chapuis,Hrádek nad Nisou,Gouvernement
Boni Dufour,Quzhou,Les messagers de Dieu
Loetitia Thompson,Tarki,Gentix
Ferdaous Chazal,Sint-Amands,Stop aux bavures policières
Mirlene Smith,Honnāli,République islam divin
Corynne Mohamed,El Grullo,MOPROX
Alejandra Carter,Tepecoacuilco de Trujano,MAGLI
Ozvan López,Mornant,Travailleurs de ménages de Strasbourg
Conchetta Turner,Kudāl,Espagne équipement chimique
Alessio Phillips,Weißwasser,Syndic-agric
Lauryana Destresse,Pacific,Ménage hygiénique futuriste
Farda Duverney,La Chapelle-sur-Erdre,Rwanda Pestos
Marcelino Jones,Maltby,non à la fumée
Grégoire Laporal,Candelaria,Prison de Petrov
Daniele Hassan,Moquegua,OMS
Georges-Andre White,Oymak,ONG A.L.P
Auguste Ferreira,Wangpu,Pompier
Ismail Allen,Unión Hidalgo,aveugle mais en vie
Elikya Harris,Mossel Bay,services de secours
Djelina Ferreira,Obrigheim,Association pour une Paix Profonde
Hasane Dupond,Puduvāyal,Les amis de la famille Lewis
Shona Roberts,Kālol,Association des Familles Unifiées
Ouidede Jones,Zaghouan,Police
Gilaine Allen,Bhādra,"une forêt, un patrimoine"
Cyriann Ali,Edegem,Balmar Shop
Thibault Alekseï,Bexley,Agence nationale d egestion des accidents CRBN
Sebastien Couatarmanach,Renens,Police
Sefika Lee,Marmande,Nordistes
Annyvonne González,Cedartown,plongeurs des garde-côtes espagnols
Alcida Parker,Orzu,Comité national de lutte contre les maladies endémiques
Cammie White,Jishu,Renouveau de la Gloire
Sebastien Couatarmanach,Bissau,Police
Eloïse Flores,Tangzhang,Poleuropa
Santos Dos,Pitogo,HEALTHPITAL
Ludmina Parker,Pacé,Peace For All Of Us
Mariza Allen,Tepecik,"Une cause, un combat, un gain"
Adolphe Harris,Issoire,femmes libres
Léna Trameur,Chietla,Palmor
Cilya Young,Villa Hidalgo,Ouvrier
Krisley Chen,Hepo,association d'internes en médecine
Mellina Couatarmanach,Tutova,le préfet maritime
Takine Davis,Rastrick,Service des Urgences de la forêt
Cassandra Johnson,Magangué,Goutte de soude
Ive Hill,Amras,ONG OASIS
Marian Hernández,Diping,oui au mariage homosexuel
Rokhia Destresse,Okegawa,Stop à la violence faite aux femmes
Chad Allen,Araçuaí,Association ‘’Non au trafic des enfants’’
Franco Di,Rödinghausen,FDR
Patrycja Moore,Selsey,une association humanitaire pour la lutte contre la faim
Shanisse Nguyen,Benīganj,PINS
Carlos Peter,Jokioinen,Sweetlife
Surya Trameur,Betim,gouvernement de la Colombie
Yoram Rodríguez,Sobinka,non aux sucreries
Nouzha Constant,Duxbury,planète verte
Herminia Sauvage,Kelaniya,Civil Rights
Noel Liu,Hongwŏn,sauveteurs en mer espagnols
Mohammed-Taha Miller,City of Sammamish,Ministère de la défense
Maelysse Destresse,Columbia,Ambition des Jeunes
Alena Gómez,Dakhla,Organisation mondiale de la Propriété Intellectuelle
Sahila Williams,Independence,ONG Parabole
Ursulla Mohamed,Donji Vakuf,LifeX
Zeinabou Harris,Kesinga,Motox
Lola Lewis,Olival,Stop aux bavures policières
Cedryk Lewis,Batī,Vie et Liberté Pour Mon Peuple
Fructueux Anderson,Soledad de Doblado,Front Populaire des Combattants de Paix
Chjara Nelson,Morris Heights,Etat
Bernadette-Marie Rodríguez,Mersin,Vendi
Mevlout Dufour,Royston,Wall
Elay Jackson,Shimo-furano,Belling
Isatis Sánchez,Mar’ino,ensemble contre le numérique
Naoh Ramírez,Runaway Bay,PESTOS
Himene Chapuis,Bonyhád,Les Humains d’Abord
Amra Couatarmanach,Schriek,Service national des forêts
Elouen Pereira,Yellandu,BU
Madeline Duverney,Bandipura,Dealers du futur
Aïron Allen,Bialong,Vitah
Adelaida Jackson,Ebeltoft,Sécurité Féminine
Illi López,Larkird,étudiants en littérature
Clemence Hill,Maspeth,Autorité
Charles Joseph,Villard-Bonnot,Pets Care
Thiana Lewis,Consolación del Sur,Poleuropa
Anne-Berengere Dassault,Dworp,La Nouvelle Révolution
Arthur Fernández,Hövsan,"Centre zoologique "" Cortana """
Joshua Clavier,Kętrzyn,association protégeant les droits des enfants
Evens Rodríguez,Bang Bua Thong,Nitro circus
Estellia Chen,Mampong,médecin chef aux urgences à l’hôpital de Paris
Jose-Pierre Ferreira,Ambridge,Association pour la défense des droits de l'homme
Sebastien Couatarmanach,Atlixco,ONG Civic Freedom for all
Neill Campbell,Quintín Arauz,Protégeons les homosexuels
Yamato Trameur,Mulgund,forces de la sécurité routière de Lyon
Tymothee Evans,Taurianova,Vie et Liberté Pour Mon Peuple
Elirone Trameur,Torremolinos,Carnaval
Chifae Clark,Cathedral City,XCV
Severine Robinson,Vohenstrauß,Réconfort bienheureuse
Iazid Peter,Wusu,fondation Deneuve
Iman Anderson,Quincy-sous-Sénart,FIR
Garion Moore,Esquel,MPOP
Nidal Mohamed,Shijiang,Métalica Riders
Tunahan Carter,Bracknell,YCARE
Jack Tellier,Irthlingborough,Développement du Venezuela
Richmond Martin,Danbury,Lotus Bleue
Gwenna Ali,Novyy Sulak,Association des Journalistes sans frontière
Thibault Alekseï,Nawu,"Un enfant, un sac, un cahier"
Jayani Wang,Surinam,Stop aux hydrocarbures
Laura Chazal,Ephrata,UCR
Lyhia Fernández,Askøy,Parti pour la Paix et le Développement
Djulyan Durant,Conroe,Collectif des Scientifiques Éthiques
Elyis Baker,Tocatlán,Next Gen
Errol Wang,Palm City,FLX
Ouidede Jones,Colgong,Sun holidays
Laelia Durant,Zürich (Kreis 7) / Fluntern,Société suisse des industries chimiques
Arthur Abert,Salvatierra,propreté pour chaque individu
Cleandre Nguyen,Huangshi,La police.
Mirela Alves,Buryn,chercheurs traditionnels
Luqmi‚n Chen,Māngrol,Parti pour la Liberté et la Justice
Anuar Jackson,Canindé de São Francisco,ANADRF
Sevilay Walker,Kagoro,So Clean
Callista Lee,Springfield Gardens,Association des Journalistes de News York
Charles Joseph,Abās Ābād,Fondation Beta
Wallys Duverney,Perevalsk,Association pour l’égalité des sexes
Camillo Thompson,Xai-Xai,Police Sud africaine
Laïya Leguerrec,Kumertau,Ecole
Uveys Ali,Vikāsnagar,numérisons tout
Jack Tellier,Tierra Colorada,S.L
Antoine Duverney,Mocksville,Gardes-côtes
Joshua Clavier,Ludlow,Association des pêcheurs de la Savoie
Ozvan López,Al Bīrah,Sea Holidays
Sefika Lee,Dali,Belgique propreté absolue
Errol Wang,Och’amch’ire,YCARE
Cléa Destresse,Tingjiang,Comité de Lutte contre le Blanchiment d’Argent
Joshua Clavier,Beauceville,Le gîte et le couvert pour les sans-abris
Neri Roberts,Jamaica,la gendarmerie de Toulouse
Mathumitha Nelson,Brockville,Gouvernement
Suren Pautrat,Mosta,Habitant d'Anshan
Jean-Rene Dupond,Haparanda,Sun holidays
Floranne Alves,Upper Coomera,Saint islam bénéfique
Sevtap Young,Martha Lake,Vase
Eucher Liu,Podlehnik,ONG Sauvons l’Amazonie
Dijle Martin,Longsight,association des Jeunes Artisans
Driss Laporal,Bail-Hongal,Paix arabe universelle
Abdessamed Wilson,Åmål,Saturnus
Kayssan Walker,Essex Junction,"un livre, une vie"
Santos Dos,Jetpur,HACHM
Chaïn Scott,Guttenberg,MOOC
Mahmed Clavier,Hermosillo,Clean Pool
Maisie Pautrat,Krosno Odrzańskie,Thabor Group
Thibault Alekseï,Erzhausen,Juice
Patrick Fernández,Islaz,Association des mineurs de Chili
Léna Trameur,Caudebec-lès-Elbeuf,"Mouvance, Liberté et Démocratie"
Ouiame Brown,Fraccionamiento Misión del Valle,Beauté
Tobias Green,San Narciso,Administration fédérale de l’Aviation
Keveen Baker,Bongaigaon,La Nouvelle Révolution
Alassan Turner,Rosário do Sul,Disons non au port d’armes à feu
Abderzak Scott,Republic,FileGen
Janyne Mohamed,Covington,Association des Cheminots
Laurent Chazal,Ferreñafe,Comité de Lutte contre le Blanchiment d’Argent
Anto Dufour,Inderbor,Conseil National du Patronat
Leopaul John,Sankeshu,Légiste
Arlo Lewis,Caister-on-Sea,Indie
Francine Miller,Măcin,Libertas
Anyse Lee,Lutayan,Pacifica
Ovidiu Martínez,Moritzburg,Armi Corp
Mirlene Smith,Doué-la-Fontaine,Triomphes de Femmes
Irine Thompson,Winsen,"une femme, un métier"
Defne Li,Qacha’s Nek,enjoy
Djibril Peter,Westhausen,Syndicat des Travailleurs et Ouvriers
Kattia Ramírez,Abrantes,"un cheval, une vie"
Loulou Nelson,Palladam,Collectif des Chercheurs d’Or de Kouroussa
Silva Da,Doesburg,Alliance pour l’Unité de la Gauche
Chani Hill,Ipaba,Granite
Curtis Turner,Bol’sherech’ye,ONG internatinale AccessLife
Asuncion Chapuis,Canicattini Bagni,helping
Elina Pautrat,Cà Mau,Association des Jeunes Visionnaires
Yousuf González,Hatsudai,Pompier
Enelya Peter,Irbit,proviseur du lycée technique de Bourgogne
Santos Dos,Arruda dos Vinhos,SSD
Juan-Miguel Brown,Jālaun,amour pour le rallye
Illi López,Jinotepe,Corazon
Salah-Edine García,Zürich (Kreis 1),Labricomma
Brook Moore,Bafra,Bakaram
Bolo Destresse,Ciénaga,Ong Vie verte
Elsa Alibert,Douglas,Parti pour l’Évolution
Amaru Rodríguez,Central City,PRIMA
Eglantine Deneuve,Khangah Dogran,Pompier
Adolphe Harris,Aţ Ţafīlah,Gazana
Walid Couatarmanach,Kemi,ONG Alliance
Pharailde Thompson,Doba,non à la fumée
Nidal Mohamed,Araçoiaba da Serra,association des éleveurs
Silva Da,Laytown,Police
Izabelle Adams,Banjul,Association Energie Verte
Jayani Wang,Ruangwa,Association Allemande des serveurs de repas
Zarko Pérez,Rio Maior,Pompier
Johary Deneuve,Tamworth,Centrale de Surveillance de Tours
Marcelino Jones,Waterford,Minstère de la santé
Ishan Lewis,Aiud,combattons le cancer
Rokiya Capelani,Lagoa,ANADRF
Franco Di,Steyr,Police
Carlos Peter,Kanoya,LAGOCHI
Anne-Madeleine Miller,Jalpa,mer en bleu
Ozvan López,Corralillo,Association pour l’Avenir des Jeunes
Patrick Fernández,Đinh Văn,Agence gouvernementale pour les recouvrements
Silva Da,Arjona,Syndicat des Amoureux du Raggae
Leanne Tellier,Kameshkovo,Nos évènements culinaires russes
Ginot Scott,Wisła,EARTHQUAKE
Analucia Dupond,Barnstorf,Chimikus-Francfurt
Elliott Wright,Bridgend,Culture du cacao
Anziz Pérez,The Colony,Nutri
Bourhanoudine Tellier,Son Servera,TPM
Ike Jones,Lake Murray of Richland,Compagnie aérienne
Thibault Alekseï,Mifune,EMH
Bruno Alves,Pontarlier,"un jeune, un emploi"
Sebastien Couatarmanach,Paulo Afonso,halte famine
Jeyna Dupuis,Nigrán,Coiffure
Anne-Madeleine Miller,Lynn,Les amis de la famille Lewis
Djuna Smith,Pālakkodu,les pompiers
Leslie-Ann Peter,Fetești-Gară,oui au mariage homosexuel
Cléa Destresse,San Jerónimo,International French School
Timaï Nguyen,Sint-Andries,Supporters
Thyo Allen,Kharjā,Pets Care
Wafa Fernández,Ceyrat,Meubles angéliques divins
Corynne Mohamed,Glendale,Légiste
Kaitline Anderson,Trebisacce,Stop aux violences conjugales
Anam Destresse,Estepona,Mon Pays et Moi
Joshua Clavier,Bandar Lampung,association des anciens de l'Université
Raky Carter,Überherrn,Pompiers
Nathan Torres,Okayama,Comité de Lutte contre les Stupéfiants
Djelina Ferreira,Zalla,ONG Art d’Abord
Turquoise Gómez,Makakilo,Comité Canadien pour la Lutte contre la COVID-19
Yoen Miller,Chigorodó,Police
Annie-Christine Rodríguez,Birkirkara,Parti pour la Vie de Buenos Aires et Alentours
Jakie Roberts,Huanggang,Let's Fly
Thibault Alekseï,Votuporanga,Police
Noeh Chen,LaFollette,l’Office de l’Union Européenne pour la Propriété Intellectuelle
Iman Anderson,Mindelheim,Naryl
Edem Constant,Oria,Pyrolab
Arjan Ramírez,Maizières-lès-Metz,Petits orphelins surdoués
Emrah John,Florence-Graham,les sourds ont des droits
Emy Evans,Thibodaux,York
Abigael Dufour,Mansourah,Office de Lutte contre la Drogue
Jaume Hassan,Goa,Organisation solidaire nucléaire d’Iran
Kataline Sánchez,San Isidro,Pompier
Jazz Zhang,Vandenberg Village,Organisation Intergouvernementale pour la défense des droits humains
Jakie Roberts,Peshtera,stop à l’harcèlement
Sirius Wang,Karabudakhkent,Justice pour Yas
Silva Da,Portland,Syndicat des travailleurs
Thibault Alekseï,Keren,Justice for Brandon and Co
Silva Da,Lenoir City,Association ‘’Non à la sécheresse de nos terres’’
Bruno Alves,Pietraperzia,ONG urgence-Santé
Safah Smith,La Condamine,Yaz
Seydina Allen,Kárystos,une chance pour tous
Assita Wright,Wheat Ridge,Justice Pour Tous
Pierre-Joil Robinson,Yarmouth,laboratoire Smith Jounaidi
Joshua Clavier,Nkove,Talents chimiques mexicains
Henry Destresse,Meru,Pistoncup
Illi López,Avanhard,Famille Clavier
Maeva Capelani,Zeytinburnu,service des enquêtes en télécommunication
Rimis Fernández,Özdere,AESP
Arthur Abert,San Diego,Légiste
Fredie Hernández,Garko,l’association des étudiants en littérature
Ange-Lyne Duverney,Shurugwi,une nourriture pour chaque famille
Cléa Destresse,Hechingen,non au trafic des bois
Bruno Alves,Rendon,Association des Secouristes de Premier Ordre
Joshua Clavier,Shorkot,Amical des Travailleurs de Biocell
Anthia Taylor,Firestone,Centre de Formation Culinaire de Londres
Yeline John,Safety Harbor,Centre National de la Recherche Scientifique
Alberthe Campbell,Lenino,Université du Texas
Ydrissa Alves,Anjozorobe,Comité des Jeunes pour l’Égalité Financière
Asael Joseph,Interlaken,Association pour la Libération des Opprimés
Sebastien Couatarmanach,Guilherand-Granges,l’Association ‘’Volontaire sans frontière’’
Carlos Peter,Timizart,Banque
Emiline Roberts,Patulul,Asie salutaire
Turquoise Gómez,Alice,Black Corp Agency
Oreane John,Betulia,Compagnie nationale Trans Gare
Ionis Lee,Branford Center,Watch-Me
Nao Clark,La Seyne-sur-Mer,Belle Allemagne futuriste
El Taylor,Canal Fulton,SWEETNIGHT
Shehrazad Adams,Nowogród Bobrzański,Pompier
Dixie Chazal,North Lindenhurst,Fondation Arc
Narjis Young,Jawhar,Blossom Assur
Shahan Wright,Altofonte,Club Jeunesse Épanouie
Charles Joseph,Agbor,Syndicat du personnel
Dmitri Dupond,Markópoulo,forces armées norvégiennes
Brewenn Joseph,Kirovgrad,BDF
Sinaly Ali,Düdingen,Capitania
Izabelle Adams,Cairo,Parti des Toredos
Sheyenne Mitchell,Hoffman Estates,Raffinerie Bénévole Suisse
Camrone Ferreira,Marlborough,XCV
Dianga Constant,Oleśnica,Association d’aide à l’indemnisation des victimes
Achref Flores,El Battan,Pompier
Emrah John,Udel’naya,Parti pour une Gouvernance Équitable
Alekseï Roberts,Rugeley,Association péruvienne de défense des biens culturels
Maliha Ferreira,Mundi,Northwestern Memorial Hospital
Presilia Torres,Korop,Police
Lisandre Thomas,Verwood,Free Ride
Shahana Scott,D'Iberville,Les justiciers
Arije Clark,Beauvais,Piliers démocratiques
Alphonse Liu,Ouro Sogui,Mairie
Liandro Jones,Srikakulam,Syndicat des Agents de la Centrale de Surveillance de Tours
Cléa Destresse,Pitanga,Fondation SMITH
Cheryane Sánchez,Fuente-Álamo de Murcia,Association ''Zéro complexe''
Karlyn Thompson,Wemding,Action-Paix
Anna Sauvage,Breckerfeld,Respect et Dignité
Ferruccio Trameur,Baidyabāti,help's
Ovidiu Martínez,Proddatūr,SCOOL
Alyce García,Suksun,Non à la maltraitance des enfants
Coryse Carter,Okeho,Triz
Ilyan Wilson,Stellenbosch,Protestants
Ouidede Jones,Seorīnārāyan,Université de Michigan
Grégoire Laporal,Kingstown,Nucléis socialisme
Carlos Peter,Balve,LM
Farmata Constant,Ystad,Verdad
Ludmina Parker,Livingston,Non aux trafics des enfants
Guy Evans,Center,liberté pour les transgenres
Lenaic Trameur,Nawābganj,Farms Queen
Tahina Williams,Camp Diable,Fondation Guinée
Yeline John,Gotenba,Raffinos
Raphael Alibert,Hopatcong,Titanium
Carlos Peter,Syas’stroy,BIOMAX
Driss Laporal,Wakefield,Bureau de gestion des déchets radioactifs
Elda Martin,Marseille 16,"ONG ""La vida es preciosa"""
Speranza Constant,Calvinia,Laboratoire bien bénévole
Ellena Young,Rustington,banque centrale
Rose-Heline Chazal,Honjō,"Tous véganes, tous végétariens"
Nora Fernández,Oberammergau,Lire pour apprendre
Cléa Destresse,Timberlake,Syndicat des Travailleurs Libres
Maria-Anna Rodríguez,Chyorny Yar,MOROU
Estellia Chen,Kālīnagar,ONG Art d’Abord
Laurent Chazal,Porto Santo Stefano,courage pour tous
Achref Flores,Cervignano del Friuli,VAFI
Damien Abert,Guruvāyūr,Marine Land
Oreane John,Ringwood,Police
Samirha Rodríguez,North Richland Hills,Next Gen
Himed Chazal,Poltavka,CDRS
Silva Da,Dededo Village,Police
Thiana Lewis,Jurbise,chef du gouvernement
Guyllian Turner,Xiangcheng,syndic de copropriété
Meliya Leguerrec,Fundão,Pompier
Auguste Ferreira,Jetalsar,Parti pour la Démocratie et la Tolérance
Alain Dupond,Winnetka,Justice pour Yas
Aylie Carter,Jacobina,l'Assemblée Nationale d'Italie
Patrick Fernández,Cheraw,Groupement Financier Indépendant
Armide Robinson,Gampola,Mouvement pour le Développement et l’Équité
Agatha Constant,Chiffa,Fondation Chazal
Eba Hernández,Khon Kaen,Comité pour des Élections Pacifique en Allemagne
Dorka Miller,Margasari,Relief
John-Lee Clavier,Payson,Osaka
Bruno Alves,Ventnor,Santé verte universelle
Wallys Duverney,Sjöbo,UPD
Phiby Harris,Samdrup Jongkhar,Gaztoday
Loetitia Thompson,Lixian,PESTOS
Francelyne Capelani,Mounana,Banque
Yosr Hernández,Parnamirim,Sauvons la chimie appliquée
Farda Duverney,Schonungen,Etat
Miya Brown,Nushki,Centrale de Surveillance de Tours
Sergueï Alekseï,Robertsganj,Bank Helios
Lyane García,Lynbrook,"l’Association ‘’ Un enfant, un foyer"
Uwe Ahmed,Twinsburg,ONG AnimalsProject
Adim Pérez,Jork,MATRIX NUCLEIS
Jaimie Carter,Baloteşti,Association internationale « mère et fille »
Slavko Li,Jœuf,l’association des secouristes
Zephyrin Clark,Harlan,syndicat des agriculteurs
Loulou Nelson,Kolonia Town,ambulanciers paramédicaux de Los Angelos
Yesmin Dassault,Ripon,"Tous véganes, tous végétariens"
Emrah John,Larreynaga,Les Amis de la nature
Khaola Carter,Bhudgaon,association protégeant les droits de la femme
Kattia Ramírez,Juneau,Police
Dianga Constant,Shaoyu,Unis pour tous
Amparo Fernández,Zhabei,ministère de la Santé
Léna Trameur,Halver,association des producteurs
Arthur Abert,Kyzylorda,Pompier
Faissoil Simporé,Ad Darb,bellle vie
Clady Campbell,Singojuruh,Nationalistes
Yesmina Smith,Le Lavandou,AESP
Juan-Miguel Brown,Auen,La Vida Para Todos
Himed Chazal,Weil im Schönbuch,SVORP
Xiao Joseph,Dinteloord,Police
Floranne Alves,Douchy-les-Mines,Comité pour l’Assainissement de Tokyo
Anaïs Abert,Tshikapa,FDR
Constance Dupuis,Kayalpattinam,Fédération des organisations des droits de l’Homme
Mercy Constant,Boscotrecase,Stop aux hydrocarbures
Yesmina Smith,Moama,Association de lutte contre l'alcoolisme
Hizir Pautrat,San Fernando,Non à la pollution
Sebastien Couatarmanach,Kölleda,Unit-life
Damien Abert,Rovigo,Les Nationalistes
Tasha Hernández,Poble Sec,Pluton petroleum
Thibault Alekseï,Marquard,syndicats d'infirmières et de sages-femmes
Anni Capelani,Baliton,Kifr Bahmadi
Auguste Ferreira,Sambaina,Pompier
Phi White,Schlangen,Pompier
Anto Dufour,Campos do Jordão,Berlin verrerie chimique
Patrick Fernández,Charleston,Fondation Chazal
Rasim Evans,Sars,Tous à l'école
Anne-Eleonore Williams,Qugaona,Axiep
Seydina Allen,Overschie,MAGLI
Sly Liu,Jennings,Coalition une Démocratie Verte en Turquie
Radija Nelson,Barki Saria,syndicat des travailleurs de l’industrie chimique vénézuélienne
Marian Hernández,Barrhead,Teenage-chemist
Hawwa Leguerrec,Midland,Les Justiciers de l’Ombre
Antoine Duverney,Pézenas,Agence nationale de lutte contre les accidents chimiques
Justin Martínez,Scherpenzeel,Joslin Nucléis
Alberic Rivera,Mahārājgani,Parc Zoologique
Grégoire Laporal,Guxian,ONG ‘’Médecins sans frontière’’
Tycia Phillips,Malax,Ending Aids
Mohcene Davis,Tostado,helping
Aimeline Nguyen,La Magdalena Tetela Morelos,Nijahydro
Franco Di,Den Chai,"Musé "" HISTORY """
Lola Lewis,Gangāpur,Chimicos Labor Porto
Jerick Duverney,Shuikou,Havana textile
Saunia Wilson,Zaoyang,Ménage hygiénique futuriste
Deavon Martin,Tondela,journalistes
Nissy Wang,Mingoyo,laboratoire Ali Gwenna
Tahyss Brown,Hongtu,République islam divin
Nasreddine King,Alindao,Ministère de la santé
Viollette Martin,Bainbridge,une association à but non lucratif regroupant de jeune diplômé
Yichai Brown,Mascote,non à la pollution
Neserine Phillips,Wolf Trap,association des artistes
Amantine Müller,Huanuni,Contre la maladie d'Alzheimer
Zaïa Moore,Emiliano Zapata,"un homme, un devoir"
Silva Da,Māgadi,Find Job
Laura Chazal,Fort Liberté,Petits orphelins surdoués
Alanis Evans,Manston,LABOPHARMA
Nouah Simporé,Angermünde,Syndicat des Consommateurs Avertis
Dorka Miller,Bell,Coalition pour la Science Consciente
Osama Dassault,Leverano,Touriste
Maelysse Destresse,Peraiyur,Justice & Paix
Himed Chazal,Kunwi,Industrie d’hydrocarbures royales
Yves-Alexandre Anderson,Tucupita,SQV
Raimonde Rivera,Pfronten,Services de la douane turque
Lhacene Williams,Bychawa,Police
Asim Allen,Dobšiná,Aéroport de Madagascar
Silva Da,Mujiayingzi,La science démocratisée
Laura Chazal,Batouri,Parti de la Démocratie et de la Paix
Stephan Dufour,Ringwood,Organisation mondiale de la Propriété Intellectuelle
Arthur Abert,Palmeira,Mon Pays et Moi
Ahamed Lewis,Elmalı,Mères célibataire
Kris Zhang,Coalinga,ONG Stop Violence
Djuna Smith,Prairie Grove,organisation AIDSCO
Carlos Peter,Kashihara-shi,PHARMPLUX
Agatha Constant,De Bilt,Université de New York
Firmaine Pereira,Ixtlahuacán del Río,Bakaram
Silva Da,Chengannūr,Ordre de Sauvetage des Migrants
Luken Wang,Hua Hin,Nextlab
Irmgard White,Ives Estates,KFC
Dianna Destresse,Sheridan,Black Corp Agency
Damien Abert,Leland,New Idea
Youness López,San Nicolás Tolentino,association AEMC
Christalle Baker,La Conception,Association des Constructeurs de Lyon
Euryale Müller,Apastepeque,gendarmerie
Ludovique Ali,Market Harborough,Université d'Oklahoma
Djuna Smith,Mingtong,communauté verte
Pharailde Thompson,Sherrelwood,Milan Chimie universelle
Themys Harris,Gan Yavne,Energie centrale
Conchetta Turner,Bestwig,l’Association ‘’ un monde sans violence’’
Anthia Taylor,Sérignan,l’Association ‘’ Non au travail des enfants’’
Ouarida Williams,Haren,Xpeng
Franzy Rodríguez,Tigre,Association ''Stop à la consommation du tabac''
Carlos Peter,Downpatrick,Dermatologie
Damien Abert,Cologno al Serio,Centre de Recherches Scientifiques
Carlos Peter,Villanueva,Etat
Tuncay Roberts,New Cumberland,Entremets exotiques d’Alger
Simeonne Mohamed,Hot Springs National Park,Organisation Intergouvernementale pour l’Avancée Technologique
Marie-Desiree Moore,Branford,Association ‘’Non à l’avortement’’
Hamar García,Waldkirchen,organisation des orphelins d'Europe
Yousuf González,Chirnogi,Entreprise NCP
Ouarida Williams,Masindi,l’association des laborantins
Ismail Allen,Milford,Séné hydros plus
Cleandre Nguyen,Williston,Les messagers de Dieu
Aimie Gómez,San Martín Jilotepeque,centre Universitaire de Lomé
Ellena Young,Spodnje Hoče,Incarcération hautement sécuritaire
Eurico Martin,Rwamagana,Djoust
Franco Di,Dumpay,Chimicos Labor Porto
Atlas Green,Nelson,Fête fauraine
Anne-Lise García,Aylsham,help's
Syanna Ferreira,Middleburg Heights,Organisation Intergouvernementale pour l’Avancée Technologique
Marie-Clothilde Taylor,Limonar,Innovation
Mathumitha Nelson,Serra,ensemble contre tout
Noufissa Duverney,Ningbo,Fashion-day
Franco Di,Cheboksary,Association ‘’Non à la cataracte''
Adolphe Harris,Chester,Police
Tomasz Baker,Marinhas,Pétrole pour tous
Ouiame Brown,Tomah,Parti pour la Liberté et les Valeurs
Hamza Martin,Nazareth,CHIMIX
Azat Phillips,Rostokino,l'Assemblée Nationale d'Italie
Elzeard Rivera,Calangute,Voling
Gaud Jackson,Spišská Nová Ves,les handicapés ont des droits
Norman Leguerrec,Bonoua,Association pour l’égalité des sexes
Arthur Fernández,Comalapa,Justice & Paix
Liandro Jones,Mingyu,Plateforme pétrolière
Sheyenne Mitchell,Nguékhokh,Amical des travailleurs d'Ivent
Angelita Chazal,Kazincbarcika,Colegio Franco Mexicano
Arthur Abert,Venaria Reale,Ministère des transports
Auguste Ferreira,Hattersheim,Ensemble pour la protection de la biodiversité
Henry Destresse,Shahrud,StopSuicide
Tchelsy González,Kalamariá,Association ‘’Mères battantes’’
Alpha Chen,Silveira,les 400 F
Anes Tellier,Poissy,POLI
Blin Laporal,Jemna,L'association des commerçants
Ursulla Mohamed,Stuhr,Best Construct
Marie-Desiree Moore,Memāri,Universitario La Paz Hospital
Rayaan Turner,Loma Linda,les handicapés ont des droits
Martin Deneuve,Darłowo,Vase
Melly Alibert,Neuhof,CASHC
John-Lee Clavier,West Hills,syndicat de lutte contre le racisme
Anni Capelani,Fond du Sac,l’organisation de bienfaisance
Callista Lee,Dubrovytsia,association pour la défense de la faune
Ulric Parker,Kānth,Banque
Franco Di,Macaparana,Horizon
Arthur Fernández,Gruiu,services des urgences de l’hôpital
Sefika Lee,Koungou,HACHM
Tunahan Carter,Postmasburg,Police
Keïlan King,Korgan,Groupe Ilmaïra
Elirone Trameur,Czechowice-Dziedzice,CareGen
Keloan Hill,Lakatoro,Best Better Life
Carlos Peter,Lubnjow,Chevalier noir
Beyrem González,Budhlāda,Agence pour la Sécurité Routière
Melyna Duverney,Montanha,SCOOL
Djamilatou Trameur,Caicara del Orinoco,Bal'z
Naylla Flores,Vyksa,Parti pour la Liberté et les Valeurs
Franco Di,Halifax,la Police républicaine
Namake Sánchez,Cacocum,Justice pour nos Défunts
Thibault Alekseï,Concepción de la Sierra,Speed-Rail
Eba Hernández,Pattensen,Fondation Ibrahim
Magdaleina Dufour,Pedra Badejo,Syndicat des cultivateurs du Bénin
Bruno Alves,North Fair Oaks,Union des États de la Corne de l’Afrique
Kainan González,Foumbot,Association pour la défense de la faune
Jahlen Campbell,Dylym,directeur local de la Protection civile
Keveen Baker,Skopje,Groupement Financier Indépendant
Sophy Rodríguez,Klishkivtsi,Mouvement pour le Développement et l’Équité
Santos Dos,Putignano,Femme arabe épanouie
Fouhed Brown,Intibucá,groupe de pêcheurs
Thibault Alekseï,Pathānkot,Organisation ‘’Se sentir mieux dans son corps
Arthur Fernández,Nevele,Help
Amauri Fernández,Casal Palocco,Gaztoday
Alain Dupond,Davydkovo,Soins sanitaires pour tous
Ferruccio Trameur,Overpelt,HATC
Leontel Alves,Krasne,La défense des droits des minorités sexuelles
Sevtap Young,May Pen,ANTIGAY
Karlyn Thompson,Gudivāda,syndicat des douaniers
Chabane Young,Werneuchen,Hydrobom
Tasha Hernández,Ulluaya,Berlin verrerie chimique
Alva Liu,North Providence,Sécurité Maroc
Estellia Chen,Tarsus,Groupe de dealer de drogue
Franco Di,Ipilan,Pompier
Ferdaous Chazal,Matamoros,Fashion-day
Yerim Peter,Cimahi,EARTHQUAKE
Léna Trameur,Oudenaarde,Déserts angéliques paradisiaques
Garion Moore,Radolfzell,Womanize
Yavuz-Selim Pereira,Shaping,Service national des forêts
Chabane Young,Zambrów,POLIS
Libby García,Alagāpuram,Xiu-Fang.lab
Marushka Scott,Chemin Grenier,Association péruvienne de défense des biens culturels
Claudinet Scott,Coxim,"Ophelinat "" Espoire de dmain """
Kisly Ali,Silver Spring,Association des alcooliques anonymes
Lynis Dupond,Baishi,HUIM
Deavon Martin,Kishapu,forces armées norvégiennes
Charles Joseph,Leopoldina,non à la fumée
Kaitline Anderson,Okahandja,association des Travailleurs Expérimentés
Thibault Alekseï,Pfäffikon / Pfäffikon (Dorfkern),Entreprise NCP
Firmaine Pereira,Manila,Havana textile
Yacime Chazal,Trino,Association des infectiologues de Côte d’ivoire
Lodois Lee,Belūr,Logistique pétrolière
Rody Laporal,Kitzingen,Association pour l’Avenir des Jeunes
Jonasz Chapuis,Villa de Reyes,banque
Alphonse Liu,Az Zarqā,Saint islam bénéfique
Raphael Alibert,Slonim,Association des handicapés de Bangkok
Kayssan Walker,Qinting,Association pour la défense de la faune
Grégoire Laporal,Messíni,Rye Mahalal
Djuna Smith,Sarandi,ZIP
Serdar Clark,Riegelsberg,Syndicat des travailleurs
Lakdar Alibert,Hubynykha,Passagers
Eglantine Deneuve,Srinagar,LABOS
Izabelle Adams,Saumur,Centre National de la Recherche Scientifique
Agatha Constant,Anori,CareGen
Bela García,Jharia,Tous en cuisine
Kellian Nguyen,Dobroye,Chimix.corp
Thibault Alekseï,Ensley,Comité National de Protection de l’Art
Daliborka Ibrahim,Idah,Vivre en Paix Ensemble
Maria-Anna Rodríguez,Hausham,Kifr Bahmadi
Barta Johnson,Durazno,Build It For Good
Sadjo Dassault,Solvay,Association arabe des accidents industries
Miltiade Pereira,Inékar,Non au SIDA
Joshua Clavier,Dayu,Airîle
Aretha Harris,Cambridge,Commission des Hommes d'Armes pour la cession de la guerre civile de Biafra
Ryana Alves,H̱arish,Non à l’exploitation des mineurs
Léna Trameur,Tornaľa,Interpol
Denis Leguerrec,Wembley,Fondation SMITH
Carlos Peter,Ubauro,Parti Pour la Liberté et la Satisfaction
Allegresse Wang,Velyki Kopani,Aina
Guilhen Carter,El Sobrante,Agence Nationale de Sécurité Routière
Berte Fernández,As Saffānīyah,"Mouvance, Liberté et Démocratie"
Rokiya Capelani,Ujae,ONG OASIS
Fuad Thomas,Merta,Communauté des Sœurs
Maricka Wilson,Boukadir,Centrale nucléaire bénévole argentine
Kattia Ramírez,Dieburg,Ong Amie des Hommes
Achil Hill,Mitsuke,laboratoire chimique d'Alua
Tianna King,Arenys de Mar,aide sans frontière
Deeclan Rodríguez,Marmaris,cellule d’analyse de la criminalité
Lola Lewis,Norwich,Association des magistrats du Congo-Brazzaville
Semya Harris,Haslev,Laboratoires chimiques sécurisés
Rimis Fernández,Capela,Lagos-Hydros
Bruno Alves,Bogale,Interpol
Mariaye González,Buritizeiro,ONG Impact
Beria Martin,Dahuangshan,gouvernement de la Colombie
Brook Moore,Petrozavodsk,Police
Santos Dos,Hönö,Association des homosexuels de Gemève
Steven's Clavier,Phôngsali,Bikers Band
Pinda Allen,Gülnar,ministre de la Défense nationale
Talan Rodríguez,Nueva Imperial,Research for clean water
Renny Zhang,Dulayti,Shepha
Silva Da,Les Aygalades,Alere
Milda Pautrat,New Corella,LABOPHARMA
Cyhan Parker,Yorkshire,Goodvibe
Ryana Alves,Quesnoy-sur-Deûle,Varsovie Sécuritis
Franco Di,Peasedown Saint John,Association ‘’Luttons contre la drépanocytose ’’
Yesmin Dassault,Las Cabezas de San Juan,Les autorités américaines
Anziz Pérez,Galegos,groupe des entrepreneurs
Silva Da,Sungai Besar,Fondation Nelson
Namake Sánchez,Lębork,ambulanciers paramédicaux de Los Angelos
Shahana Scott,Esuk Oron,Pol-action
Neill Campbell,Al Jadīd,brigade de gendarmerie anticriminelle
Charles Joseph,Bermejo,SugarHigh
Aïron Allen,Kyparissía,"l’Association ‘’une femme instruite, un avenir assuré’’"
Adjila Thompson,Ciudad Real,La police
Caty García,Amagi,Pol-action
Adonay Clark,Garstang,Propriétaire de bateau de plaisance
Léna Trameur,Evanston,Pompier
Sheherazade Green,Makiv,Granite
Hachemi Wang,Horta,Service de la Sûreté de Santiago
Eurico Martin,Saint-Marcel,Unit-life
Grégoire Laporal,Bambolim,Chimicos
Jemy Alibert,Nubl,Interpol
Camill Pereira,Çerkezköy,SJA
Achil Hill,Medina de Ríoseco,Urgence
Maxime John,Woodlawn,Agrichimo
Jazz Zhang,Saint Sampson,Gaibian
Anaïs Abert,Koson,OMS
Mima Ferreira,Terrace Heights,ANYMAL
Guyllian Turner,Ingersoll,Ong Secours
Adelmo Green,Kampong Baharu Balakong,happy
Delphyne Dupond,Chipping Ongar,Banque
Adhem Nelson,Lynchburg,Serbie France
Taina Miller,Wenling,Parti pour La Liberté de Tous
Loiza Ramírez,Tübingen,Ligue Policière pour la Paix en Europe
Loetitia Thompson,Abuja,Non à l’exploitation des mineurs
Tou Hall,Jona,enough
Mila Chapuis,Krugersdorp,Aqualab
Samirha Rodríguez,Kapustin Yar,Etat
Nor-Eddine Durant,Varėna,Ligntning.corp
Silva Da,Sayhāt,CRE
Alanis Evans,Alcalá del Río,Motox
Pasqualina Thomas,Soatá,Association pour une Paix Profonde
Marylaure Nguyen,Tumcon Ilawod,Disons non aux violences conjugales
Uveys Ali,Hunsūr,Turqo-hydro
Aïron Allen,Calatrava,« club clean up »
Mathusan Hall,Chilca,Centre de Recherches Scientifiques
Meydi Tellier,Bergen op Zoom,Asie salutaire
Clemence Hill,Crossett,Organisation de la Sûreté Mexicaine
Errol Wang,Wingles,Juridical Help
Mahaut Tellier,Molochansk,Police
Grégoire Laporal,Pasinler,Groupe rebelle
Luqmi‚n Chen,Capitola,Sells
Mirlene Smith,Chikhli,VGT
Anicette Dupuis,Domont,non à la fumée
Adonaï Sánchez,Chos Malal,SOS FIRE
Ibrahim Dassault,McMinnville,service national de la sécurité routière
Jakie Roberts,Palma di Montechiaro,Agence Nationale pour l’Intégration
Oumama García,Robertsdale,York
Emilyne Phillips,Steinheim an der Murr,pompiers
Silva Da,Biritiba Mirim,Pompier
Nacerdine Jackson,Clarines,Association ‘’Même vision’’
Loranne Walker,Spring Valley Lake,Boltelo
Ayven Gómez,Torcy,MOTOR
Thibault Alekseï,Gaillard,Ministère de la population
Charles Joseph,Şirvan,Police
Lailia Couatarmanach,Des Peres,association protégeant les droits des enfants
Ellia Allen,Fumel,secourir une vie
Tehillah Thomas,Lofthouse,Loko race
Samirha Rodríguez,Libenge,l’Association « Route de vie »
Ceyhun López,Werribee,Parti des Royalistes
Sebastien Couatarmanach,Harstad,"Mon Mariage, Mon Rêve"
Paul-Augustin Jackson,Yak'airike,Sanivet
Nebila Baker,Itaú de Minas,Ambition des Jeunes
Loetitia Thompson,Los Altos,"Liberté, Égalité et Bonne Gouvernance"
Mohamed-Malik Jones,Raghudebbati,Institut Européen de la Recherche
Annunziato Hernández,Warren,ANTIGAY
Noemie Müller,Patiya,Forces de Libération Flamandes
Balsam Smith,Mocoa,propreté pour tous
Souraya Dupuis,Mezgor'e,communauté verte
Evens Rodríguez,Kibworth Harcourt,ONG ‘’Tous Unis contre l’impunité’’
Dianna Destresse,Xilin Hot,Service des urgences de Norvège
Lhacene Williams,Mareno di Piave,Beauté
Sebastien Couatarmanach,Parla,Délices légères raffinées
Danka Li,Eke,Forces spéciales de l'armée
Antoine Duverney,Gādarwāra,MIND
Marie-Veronique Clark,Apple Valley,MOOC
Dina Clavier,San Nicolò,Etat
Antoine Duverney,Połaniec,Al Matirsoui
Nedjema Hall,Greenpoint,HONEY
Radija Nelson,Irondale,Gouvernement
Farda Duverney,Lambesc,unité spéciale de protection du patrimoine culturel grecque
Silva Da,Wallsend,organisation des orphelins d'Europe
Issraa Scott,Schwedt (Oder),Association ‘’Non aux femmes battues’’
Léna Trameur,Llefià,"Association ‘’Un Homme, un vote’’"
Marie-Yves Robinson,Shelton,Armée aéronavale Malgache
Gibril Robinson,Bristol,Service de la voirie
Yafa Pautrat,Apatity,ONG ‘’Tous Unis contre l’impunité’’
Ginella Wright,Mount Sinai,Association ‘’des infectiologues de Belgique’’
Eucher Liu,Ribarroja del Turia,Association internationale « mère et fille »
Atlas Green,Bagar,Syndicat des Travailleurs Honnêtes
Shahan Wright,Kleinmachnow,Aqualab
Roddy Duverney,Monjas,Collectif des Commerçants de Londres
Juliano Jones,Bangor,Foule
Arthur Fernández,Wickede,Parti pour la Liberté et la Justice
Joslin Alves,Le Blanc,"une femme, un métier"
Martin Deneuve,Vale de Cambra,Fédération nationale des associations de directeurs d'établissements et services pour personnes âgées
Sebastien Couatarmanach,Gorgān,Coalition une Démocratie Verte en Turquie
Petula Pérez,Herrera,Manja Pasta
Wallys Duverney,Dhupgāri,Parti Liberté et Ordre
Thibault Alekseï,Blama,StopSuicide
Ishan Lewis,Bhiwadi,Association des Constructeurs de Lyon
Meliya Leguerrec,Başmakçı,Balance
Raphael Alibert,Chamblee,Sacie
Mauryn Roberts,Mathba,Sourire à la vie
Azel Evans,Plan-de-Cuques,Fondation Stop Cancer
Agatha Constant,Matawan,luttons contre le racisme
Aelia Campbell,Abadeh,Erasme chimicus
Mirza Johnson,Orlovskiy,OISC
Golda Green,Bischofsheim in der Rhön,JMM
Anna-Rosa Peter,Muhammadābād,Shalma Event
Kacey Hernández,Ga-Rankuwa,Organisation Panaméricaine de la Santé
Eloen Torres,Mianyang,BOMO
Melïa Müller,Grantham,Pharmvet
Mehmet-Efe Wang,Jounieh,Sentinelle
Vlasta Rodríguez,Umm Ruwaba,LIVY
Nosredine Couatarmanach,Santa Cruz,"Liberté, Justice et Sécurité"
Aïleen Young,Leutershausen,"un animal, une vie"
Stelios Destresse,Silwād,IPSO
Niyazi Li,Chicago Loop,ONG Ma Belle Enfance
Brewenn Joseph,North Ridgeville,Des chercheurs européens
Silvanna Turner,Kisi,Recherche chimique d’élite de Fès
Santos Dos,Bikenibeu Village,"l’Association ‘’une femme instruite, un avenir assuré’’"
Charles Joseph,Itānagar,Association de lutte contre l'alcoolisme
Aretha Harris,Tudora,Paix arabe universelle
Juan-Miguel Brown,Andrews,Pompier
Andhy Alibert,Villa Tecolutilla,ensemble contre le chômage
Herminie Tellier,La Mira,Aérodrome de Tossus-le-Noble
Tobias Green,Lichuan,"Association « Safe life »,"
Mirela Alves,Kaset Wisai,Navire impérial
Damien Abert,Dubăsari,Honneur et Patrie
Marylaure Nguyen,Kilindoni,ONG Share humanity
Narjis Young,Vuores,Greenlife
Marie-Yves Robinson,Sevilla La Nueva,Santé verte
Zakariae Lee,Guanajay,Centrale nucléaire bienveillante du Japon
Grégoire Laporal,New Bedford,Club des Leos
Suely Chapuis,Ulenje,éduquons nos enfants
Lorita King,Fos-sur-Mer,Organisation ''Egalité entre genres''
Loetitia Thompson,De Aar,Aircraft
Joshua Clavier,Bayswater,ONG AnimalsProject
Laura Chazal,Iwo,TRAVEL
Bela García,Laudun-l'Ardoise,Level
Antoine Duverney,Las Rozas de Madrid,bellle vie
Emiline Roberts,Clusone,gendarmerie
Bela García,Punaauia,agence nationale de lutte contre l’insécurité alimentaire
Josselyne Peter,Hope Valley,Interpol
Joshua Clavier,Bogo,SAMIF
Misa Williams,Hammam-Lif,Dermatologie
Zaïra Jackson,Lidcombe,Organisation ouest africaine de sécurité alimentaire
Goulcan Adams,Zizur Mayor,UCR
Thibault Alekseï,San Justo,Services de la douane turque
Ludvick Ahmed,Vilino,YONGA
Cayssie Davis,Xanxerê,Sacie
Maima Chapuis,Lancaster,Pompier
Tesnyme Pérez,Bayevo,"Un sinistre, une assistance"
Cayssie Davis,Bombarral,Association des alcooliques anonymes
Bryce Martin,Kraaifontein,un toit pour chaque individu
Lilou-Anne González,Kshenskiy,SugarHigh
Celestine Robinson,Midfield,non à la fumée
Carlos Peter,Molugan,Hiver arabe universel
Pierre-Joseph Walker,Al Qiţena,Research for clean water
Abdelhaziz Davis,Bulawayo,Association des anciens jeunes étudiants scientifique
Libby García,Rumia,Protégeons nos lacs
Thibault Alekseï,Saint-Laurent-du-Var,SRG
Tianna King,Comerío,Syndicat des Travailleurs Pacifistes
Cantor Harris,Ichinomiya,Humanitarium
Raphael Alibert,Doschatoye,véhicule
Cléa Destresse,Chanhassen,Centre poison
Atef Pautrat,Summit,ONG Justice Équitable
Gilaine Allen,Cabo,Indiana Hospis
Anne-Madeleine Miller,Soran,Cartel de drogue
Attilio Adams,Brooklyn Center,Grand fournisseur
Oumelkheir Miller,Verkhniye Achaluki,banque
Carlos Peter,Płock,Bruxos-Pestos
Maxime John,Tapolca,Cours suprême
Maely Dupuis,Groesbeek,Justice pour nos Défunts
Denis Leguerrec,Jiyuan,Education féminine universelle
Tycia Phillips,Lake Geneva,observateur politique de la vie publique
Hailie Chen,Eastmont,La Vida Para Todos
Ana-Clara Durant,High Blantyre,Mouvement pour la Nouvelle Gloire de l’Allemagne
Jean-Rene Dupond,Bennsville,banque centrale
Turquoise Gómez,Bagasra,Réconfort bienheureuse
Conchetta Turner,La Louvière,banque centrale
Alarik Hall,Edenkoben,premier adjoint au maire
Franco Di,Ceglie Messapica,La police.
Silva Da,1 Decembrie,"Une cause, un combat, un gain"
Nevenoe Evans,Picos,Club de l’Avenir
Jesabelle Laporal,Plastunovskaya,Belgique propreté absolue
Hasane Dupond,Čapljina,ensemble contre le chômage
Rose-Heline Chazal,Pilsting,syndicat des pompiers
Sylvelie John,Orcopampa,Organisation scientifique chimique
Grégoire Laporal,Capinópolis,Best Construct
Franco Di,Berkhamsted,X5
Alessio Phillips,Fraccionamiento Colinas del Sol,Pompier
Aliou Mohamed,Ennis,PAE
Santos Dos,Eagan,médicaments pour chaque enfant
Ilyan Wilson,Brazii de Sus,service national de la sécurité routière
Luca Carter,Lembeek,forces de la sécurité routière de Lyon
Desty Duverney,Bratislava - Vajnory,Syndicat des Travailleurs Pacifistes
Denis Leguerrec,Padalarang,CRE
Lenaic Trameur,Qingzhou,SAMLIM
Guerrino Campbell,Mamatid,I-Nuclear
Loiza Ramírez,Culianan,Association des Militants de la Paix
Ansoumane Anderson,Heze,Pompier
Fredo López,Saint Joseph,Amical des ouvriers Metro Paris
Waina Leguerrec,Tuwaite,Blossom Assur
Catherin Williams,Zawadzkie,TechWorld
Grégoire Laporal,Cherpulassery,Gencox
Samirha Rodríguez,Tuluá,Centre National de Psychiatrie
Souraya Dupuis,Ainaro,Police Sud africaine
Alime Ibrahim,Mucurici,Services sous-marins
Sevtap Young,Wandlitz,Sudistes
Arkia Sauvage,Bermejillo,Police
Loina Clark,Bellingham,"une femme, un pouvoir"
Golda Green,Los Arcos,Thriller
Rislane Dupond,Balarāmpur,Jupiter
Rhaled Liu,West Springfield,combattons le cancer
Hailie Chen,Bryn Mawr,ONG ‘’Assistance aux patients’’
Amauri Fernández,Pok Fu Lam,Fondation Pereira
Ydrissa Alves,Knesselare,Mairie
Maeva Capelani,Kani Kéli,Energie centrale
Antoine Duverney,Riobamba,la gendarmerie nationale de Lomé
Elohane Nguyen,Bowdon,Dealers aguerris
Allisone Ibrahim,Terenozek,Ammoniac plus
Miltiade Pereira,Porto,Organisation pour la Coopération Internationale
Cidalia Walker,Berrouaghia,PINS
Badie Peter,Éragny,orphelinat « toujours amis »
Kossay Wang,Otradnyy,Urgence domestique Irlande
Noel Liu,Weida,Stop aux violences conjugales
Saliah Miller,Bismil,Association d’aide à l’indemnisation des victimes
Marie-Olympe White,Gyula,Services sous-marins belges.
Elfrida Pérez,Plérin,ONG ’'Tous les enfants à l’école’’
Silva Da,Aljezur,Au Nom de la Culture
Cyprien Mohamed,Monetnyy,Sombras
Sipa Hassan,Hofgeismar,l’association des laborantins
Conceicao Nelson,Wil,Non aux risques chimiques parisiens
Silla Evans,Hickam Field,association d'internes en médecine
Constance Dupuis,George Town,UPDN
Patrick Fernández,Phra Phutthabat,Agence nationale pour la gestion des déchets radioactifs
Oanelle Dufour,New Dorp Beach,VFG
Bruno Alves,Târnova,CHGT
Amytis Duverney,Pontecorvo,Fleurs et Nuages
Santos Dos,Canturay,Supporters
Josselyne Peter,Krasnyy Oktyabr’,univers pour tous
Liviana Moore,Serpa,"un enfant, un abri"
Ellena Young,Katipunan,Panthers
Esperance Li,Ursulo Galván,WAX
Elay Jackson,Petoskey,voyager partout dans le monde
Narjis Young,Fale old settlement,Organisme de Lutte contre le Trafic Illégal de Biens
Rhariba García,Ottignies,Forces armées rwandaise
Alissone Ali,Corral de Almaguer,Anti terrorisme juvénile
Yosr Hernández,Tondano,Respecte ma Vie Privée
Lievine Rodríguez,Wittmund,Association ‘’Tous les enfants à l’Ecole’’
Lucman Turner,Chilaw,commissariat de police de Cotonou
Edmard Dufour,Ţimā,Agence Nationale de la Sécurité Intérieure
Atef Pautrat,Sohag,help
Abdoulah Torres,Brent,Nouvelle chapitre
Aissatou Hill,Pampa,FIREMEN FORCE
Elianore Thompson,Māndvi,Gouvernement
Alanah Baker,Edenderry,Ministère des transports
Agatha Constant,Bol’shoy Kamen’,Syndicat des Travailleuses de Dentelle
Agatha Constant,Chetwayi,BIOMAX
Annyssa López,Skwierzyna,JUD
Sade Peter,Palmas,oui à l’interruption volontaire de grossesse
Antoine Duverney,Sacramento,HEALTHPITAL
Marie-Veronique Clark,Matsubushi,Vita Hellénique
Rasim Evans,Eravur Town,Woodtech
Carlos Peter,Broshniv-Osada,CHINAK
Lubna Mitchell,Santa Catarina,TechWorld
Franco Di,Ji Paraná,cellule de lutte contre la contrebande
Dorinne Jones,Ferney-Voltaire,SDR
Chamina Anderson,Yengibag,non à la choléra
Ismahane Walker,Cabinuangan,MAXCO
Catrina Jones,Walterboro,l’Association ‘’ Non au travail des enfants’’
Uveys Ali,Munich,Curlyhair
Laura Chazal,Gretna,Collectif pour la Justice aux Jeunes
Bryce Martin,Troitskaya,Police départementale
Emiline Roberts,San Francisco Ocotlán,LABOS
Miltiade Pereira,Río Cuarto,luttons contre le racisme
Aneya Clavier,McKinley Park,Association ''Stop à la consommation du tabac''
Silva Da,San Marino,OMS
Santos Dos,Tremont,Danfil
Santos Dos,Tegel,Club de l’Avenir
Heli Dupuis,Mülheim,Pet Tools
Annyssa López,Puerto Vilelas,TPM
Kaitlin Wilson,Templeuve-en-Pévèle,Parti pour une Gouvernance Équitable
Nevenoe Evans,Pont Cassé,Non à la discrimination sexuelle face à l’homosexualité
Seth Lewis,Świdwin,Fondation Folivent
Crystel Ali,Boucau,planète verte
Franco Di,Maocun,Délices légères raffinées
Najibe Harris,Pontinia,Liberté pour tous
Patrick Fernández,Beloyarskiy,Les Nationalistes
Arthur Fernández,Savenay,FOX
Anne-Madeleine Miller,Soverato Marina,association de protection des droits des enfants
Elouen Pereira,Willoughby,Séné hydros plus
Anyse Lee,Bir Hadaj,Association ''Stop au Sida''
Laurent Chazal,Kurashiki,chef du gouvernement
Jazz Zhang,Kayapınar,sauveteurs en mer espagnols
Ionis Lee,Orange,Agros plus
Abdelhaziz Davis,Waterloo,Protestants
Mercy Constant,Grotte,Les justiciers
Thibault Alekseï,Dudley,Wane industry
Amrine Alibert,San Francisco de Asís,Pompier
Anaïs Abert,Burkhardtsdorf,les hommes pleurent aussi
Elynna Hall,Princenhage,ensemble contre le numérique
Antoine Duverney,Robertson,l’Association ‘’Volontaire sans frontière’’
Leïla Deneuve,Bossier City,Protoni
Leslie-Ann Peter,Miraí,Terreur bienfaisante
Ghilas Ramírez,Armstrong,Rebelles bien nés
Tahyss Brown,Cerro,JIHU
Yorick Martínez,Wheeling,l’Association ‘’Toutes les filles à l’Ecole
Meïlie Li,Izobil’nyy,un métier pour tous
Maima Chapuis,Presidente Prudente,ensemble contre tout
Shamseddine Torres,Sénas,Educ
Sueli Chazal,Cameron,Congrès des jeunes scientifiques
Aretha Harris,Karlshuld,VFG
Ludovique Ali,Annecy-le-Vieux,végétariens pour la vie
Kaoura Pérez,Ceparana-Carpena,Passagers
Liberata Miller,Batman,"un cheval, une vie"
Santos Dos,Sharan,une association humanitaire pour la lutte contre la faim
Carlos Peter,Chiapa de Corzo,l’association des étudiants des facultés de sciences
Marija Walker,Villas de Irapuato,Nitro circus
Denis Leguerrec,Zuogaimanma,Pompier
Marc-Henri García,Fredonia,Ligue Policière pour la Paix en Europe
Cleandre Nguyen,Beşikdüzü,Association pour une Enfance Épanouie
Bruno Alves,Helena Valley West Central,"un père, un emploi"
Mathieux Adams,Bytom,Gouvernement
Malyk Peter,Kaharlyk,Service de la sécurité routière de Madrid
Thibault Alekseï,Rāmnagar,Association Pour la Vie
Adelmo Green,Thornaby-on-Tees,Association ''Non à la cigarette''
Denis Leguerrec,Al Ḩawātah,Lotus Bleue
Tchelsy González,Schöneberg,ONG Ma Belle Enfance
Comba Evans,Werkendam,Paix et Liberté pour la Mauritanie
Biagui Dupond,Ipís,Parti Révolutionnaire pour la Liberté
Abdelsamad Hernández,Billingham,SOLV
Jack Tellier,Klimovsk,Filligrane
Martin Deneuve,Canosa di Puglia,l’association du plus grand exportateur
Vidal Zhang,Coral Terrace,Air mexico
Senda Sánchez,Bicaz,Parti pour la Démocratie et la Tolérance
Alain Dupond,Tqvarch'eli,militants de Front national pour Paix
Anaïs Abert,Macclenny,Tuléar-pestos
Djulyan Durant,Lavena Ponte Tresa,Mairie
Elsa Alibert,Balapulang,Rigths For Life
Cintya Allen,Prestwick,AGAZ
Grégoire Laporal,Hirado,Bellas
Sade Peter,Dolgoderevenskoye,Pompier
Arzu Clavier,Guangshui,Association Avenir Vert
Briec Chazal,Oettingen in Bayern,Fondation Stop Cancer
Bruno Alves,Belidzhi,Speedline
Maylys Ali,Riorges,THIN
Kainan González,Abram,HTIT
Yesmina Smith,Tsiolkovskiy,Paix et Sécurité pour Tous
Talita Martínez,Ol Kalou,Agence Digitale des Grands Événements
Mevlout Dufour,Mamboma,Banque
Katell Clark,Carmen de Apicalá,AWP
Ansoumane Anderson,St. Georg,Institut des chercheurs d’élite de londres
Luis-Miguel Hassan,Ga-Kgapane,Etat
Ketia Nelson,Chabeuil,Mères célibataire
Adim Pérez,Sorso,Energy
Chelsee Green,San Miguel Zapotitlan,Tous homophobes
Norman Leguerrec,Basingstoke,l’Association ‘’ Resto du cœur ’’
