first_name,last_name
Aarone,Smith
Aaroun,Johnson
Abbes,Williams
Abdalah,Brown
Abdelfattah,Jones
Arthur,Fernández
Abdelhake,Miller
Abdelhaziz,Davis
Abdelhedi,Rodríguez
Abdel-Kader,Martínez
Abdelsamad,Hernández
Léna,Trameur
Abderamane,González
Abdessamed,Wilson
Abdessatar,Anderson
Abelle,Thomas
Abril,Taylor
Carlos,Peter
Adelaida,Jackson
Ademe,Martin
Adilia,Lee
Adim,Pérez
Adjila,Thompson
Constance,Dupuis
Adolphe,Harris
Adonaï,Sánchez
Adonay,Clark
Ahamadou,Ramírez
Ahamed,Lewis
Silva,Da
Ahmadou,Walker
Aïleen,Young
Aïron,Allen
Aïssatou,King
Aïwen,Wright
Thibault,Alekseï
Ailsa,Torres
Aimeline,Nguyen
Aissatou,Hill
Aitana,Flores
Aiyoub,Green
Thibault,Alekseï
Alaitz,Nelson
Alanah,Baker
Alarik,Hall
Alberic,Rivera
Alberthe,Campbell
Franco,Di
Alejandra,Carter
Alekseï,Roberts
Alena,Gómez
Alessio,Phillips
Alexian,Evans
Denis,Leguerrec
Alice,Parker
Aliou,Mohamed
Alissone,Ali
Aliye,Ahmed
Allisone,Ibrahim
Franco,Di
Almas,Wang
Aloha,Li
Aloyse,Zhang
Alphena,Chen
Alphonse,Liu
Grégoire,Laporal
Alya,Martin
Amantine,Müller
Amaru,Rodríguez
Amauri,Fernández
Amelie,Durant
Jack,Tellier
Amiel,Leguerrec
Amra,Couatarmanach
Amrine,Alibert
Amyne,Simporé
Amytis,Duverney
Cléa,Destresse
Anahe,Dupuis
Anaïg,Constant
Anam,Destresse
Anddy,Capelani
Ane,Dufour
Thibault,Alekseï
Anes,Tellier
Anette,Deneuve
Aneya,Clavier
Angelie,Joseph
Angelita,Chazal
Christophe,Pautrat
Anicia,Pautrat
Anina,Trameur
Silva,Da
Santos,Dos
Anna-Caroline,Pereira
Franco,Di
Annaïs,Alves
Annaline,John
Anna-Rosa,Peter
Anne-Berengere,Dassault
Anne-Celine,Smith
Charles,Laurent
Anne-Eleonore,Williams
Anne-Emmanuelle,Brown
Anne-Laetitia,Jones
Anne-Lise,García
Anne-Madeleine,Miller
Santos,Dos
Annie-Christine,Rodríguez
Annouchka,Martínez
Annunziato,Hernández
Annyssa,López
Annyvonne,González
Santos,Dos
Ansoumane,Anderson
Anthelmine,Thomas
Anthia,Taylor
Antonie,Moore
Anuar,Jackson
Antoine,Duverney
Anyse,Lee
Anziz,Pérez
Aouali,Thompson
Ardian,White
Aretha,Harris
Carlos,Peter
Arije,Clark
Arjan,Ramírez
Arlo,Lewis
Armide,Robinson
Arsenia,Walker
Carlos,Peter
Asim,Allen
Assad,King
Assita,Wright
Assna,Scott
Assya,Torres
Sebastien,Couatarmanach
Athman,Hill
Athos,Flores
Atlas,Green
Attilio,Adams
Aubierge,Nelson
Damien,Abert
Aveline,Hall
Avital,Rivera
Avzem,Campbell
Ayia,Mitchell
Aylie,Carter
Franco,Di
Ayven,Gómez
Azat,Phillips
Azel,Evans
Aziz,Turner
Baki,Parker
Santos,Dos
Baligh,Ali
Balthazar,Ahmed
Bao,Ibrahim
Baroudi,Hassan
Baya,Wang
Elsa,Alibert
Belkis,Zhang
Belqis,Chen
Benali,Liu
Benedikte,García
Beria,Martin
Denis,Leguerrec
Bernadette-Marie,Rodríguez
Berte,Fernández
Betti,Durant
Biagui,Dupond
Bilhal,Leguerrec
Carlos,Peter
Billel,Alibert
Birante,Simporé
Bitou,Duverney
Blin,Laporal
Blondine,Dupuis
Bruno,Alves
Bolo,Destresse
Bona,Capelani
Boni,Dufour
Bonko,Sauvage
Bourhanoudine,Tellier
Grégoire,Laporal
Brayden,Clavier
Brewenn,Joseph
Briec,Chazal
Brigitta,Chapuis
Bruna,Pautrat
Carlos,Peter
Silva,Da
Santos,Dos
Camill,Pereira
Camrone,Ferreira
Candida,Alves
Carlos,Peter
Candyce,Peter
Carolanne,Dassault
Carole-Anne,Smith
Cassandra,Johnson
Catherin,Williams
Joshua,Clavier
Catrina,Jones
Caty,García
Catya,Miller
Cayssie,Davis
Celestine,Rodríguez
Charles,Joseph
Celin,Hernández
Ceyhun,López
Chaïma,González
Chaïmaa,Wilson
Chamina,Anderson
Léna,Trameur
Chanis,Taylor
Chaouki,Moore
Charazed,Jackson
Charles-Hugo,Martin
Charles-Nicolas,Lee
Carlos,Peter
Charlton,Thompson
Cheickne,White
Chemsy,Harris
Cheryane,Sánchez
Chifae,Clark
Maxime,John
Chrisla,Lewis
Chrisly,Robinson
Cidalia,Walker
Cilya,Young
Cintya,Allen
Léna,Trameur
Clarissa,Wright
Claudinet,Scott
Claudinette,Torres
Cleandre,Nguyen
Clemence,Hill
Patrick,Fernández
Collin,Green
Colline,Adams
Conceicao,Nelson
Consuelo,Baker
Corantin,Hall
Franco,Di
Corrie,Campbell
Cory,Mitchell
Coryse,Carter
Cristian,Roberts
Cristiane,Gómez
Silva,Da
Cumali,Evans
Curtis,Turner
Cyhan,Parker
Cyprien,Mohamed
Cyriann,Ali
Joshua,Clavier
Daliborka,Ibrahim
Daloba,Hassan
Damien,Wang
Danka,Li
Daphnee,Zhang
Carlos,Peter
Darline,Liu
Dat,García
Deavon,Martin
Deborah,Müller
Deeclan,Rodríguez
Damien,Abert
Deliah,Durant
Delphyne,Dupond
Dembo,Leguerrec
Dempsey,Couatarmanach
Demyan,Alibert
Cléa,Destresse
Desty,Duverney
Detlef,Laporal
Deyniss,Dupuis
Dianga,Constant
Dianna,Destresse
Damien,Abert
Didem,Dufour
Diego,Sauvage
Dieneba,Tellier
Dieydi,Deneuve
Dina,Clavier
Thibault,Alekseï
Dixie,Chazal
Djafar,Chapuis
Djallel,Pautrat
Djamilatou,Trameur
Silva,Da
Silva,Da
Djara,Pereira
Djelina,Ferreira
Djess,Alves
Djessica,John
Djibril,Peter
Carlos,Peter
Djuna,Smith
Domnine,Johnson
Dondu,Williams
Donna,Brown
Dorinne,Jones
Santos,Dos
Dorka,Miller
Dorya,Davis
Dragos,Rodríguez
Dyron,Martínez
Eba,Hernández
Auguste,Ferreira
Eddine,González
Edine,Wilson
Edwin,Anderson
Efrat,Thomas
El,Taylor
Francelyne,Capelani
Elay,Jackson
Elda,Martin
Elena,Lee
Elfrida,Pérez
Elianore,Thompson
Anna,Sauvage
Elikya,Harris
Elin,Sánchez
Elina,Clark
Elio,Ramírez
Eliseo,Lewis
Arthur,Fernández
Ellea,Walker
Ellena,Young
Ellia,Allen
Ellinor,King
Elliott,Wright
Charles,Laurent
Eloen,Torres
Elohane,Nguyen
Eloïsa,Hill
Eloïse,Flores
Elvira,Green
Joshua,Clavier
Elvyre,Nelson
Elyis,Baker
Elynna,Hall
Elzeard,Rivera
Ema,Campbell
Agatha,Constant
Emelia,Carter
Emiline,Roberts
Emilio,Gómez
Emilyne,Phillips
Emy,Evans
Santos,Dos
Enes,Parker
Enimie,Mohamed
Enola,Ali
Eogan,Ahmed
Erion,Ibrahim
Santos,Dos
Errol,Wang
Esperance,Li
Esteban,Zhang
Estellia,Chen
Eucher,Liu
Franco,Di
Eurico,Martin
Euryale,Müller
Evens,Rodríguez
Ewans,Fernández
Eydel,Durant
Laurent,Chazal
Eyna,Leguerrec
Fahadi,Couatarmanach
Fahel,Alibert
Faissoil,Simporé
Farda,Duverney
Carlos,Peter
Farielle,Dupuis
Farmata,Constant
Fateh,Destresse
Fatya,Capelani
Fauste,Dufour
Thibault,Alekseï
Fayssal,Tellier
Feinda,Deneuve
Feliciane,Clavier
Feras,Joseph
Ferdaous,Chazal
Patrick,Fernández
Ferouse,Pautrat
Ferruccio,Trameur
Silva,Da
Santos,Dos
Firmaine,Pereira
Carlos,Peter
Floranne,Alves
Florella,John
Florimond,Peter
Florville,Dassault
Foad,Smith
Anaïs,Abert
Fortune,Williams
Fouhed,Brown
Fouzy,Jones
France-Line,García
Francine,Miller
Thibault,Alekseï
Franzy,Rodríguez
Fredericque,Martínez
Fredie,Hernández
Fredo,López
Fredrik,González
Martin,Deneuve
Fructueux,Anderson
Fuad,Thomas
Gaddiel,Taylor
Garion,Moore
Gaud,Jackson
Thibault,Alekseï
Gaylord,Lee
Gemina,Pérez
Georgeline,Thompson
Georges-Andre,White
Geronimo,Harris
Grégoire,Laporal
Ghassane,Clark
Ghilas,Ramírez
Ghiles,Lewis
Gibril,Robinson
Gibryl,Walker
Silva,Da
Gilaine,Allen
Gilson,King
Ginella,Wright
Ginot,Scott
Gisel,Torres
Denis,Leguerrec
Gnouma,Hill
Gokdeniz,Flores
Golda,Green
Goulcan,Adams
Gouler,Nelson
Thibault,Alekseï
Grayce,Hall
Greyson,Rivera
Guerrino,Campbell
Guilhem,Mitchell
Guilhen,Carter
Santos,Dos
Guler,Gómez
Gulnur,Phillips
Guy,Evans
Guyllian,Turner
Guy-Michel,Parker
Grégoire,Laporal
Gwenna,Ali
Gwennoline,Ahmed
Gwenvel,Ibrahim
Gwezheneg,Hassan
Hachemi,Wang
Carlos,Peter
Hadje,Zhang
Hailie,Chen
Halimatou,Liu
Hamar,García
Hamza,Martin
Sebastien,Couatarmanach
Hannelore,Rodríguez
Harel,Fernández
Harry,Durant
Hasane,Dupond
Hawwa,Leguerrec
Patrick,Fernández
Hayete,Alibert
Hayri,Simporé
Heavenly,Duverney
Heiana,Laporal
Heli,Dupuis
Thibault,Alekseï
Henry,Destresse
Herman,Capelani
Hermann,Dufour
Herminia,Sauvage
Herminie,Tellier
Antoine,Duverney
Hi‚roun,Clavier
Hilya,Joseph
Himed,Chazal
Himene,Chapuis
Hizir,Pautrat
Maxime,John
Silva,Da
Santos,Dos
Houraye,Pereira
Housnati,Ferreira
Houyame,Alves
Franco,Di
Iazid,Peter
Ibrahim,Dassault
Icare,Smith
Ichem,Johnson
Idene,Williams
Charles,Joseph
Ike,Jones
Ikra,García
Ildefonso,Miller
Ilem,Davis
Ilenzo,Rodríguez
Silva,Da
Ilker,Hernández
Illi,López
Ily,González
Ilyan,Wilson
Iman,Anderson
Charles,Laurent
Inan,Taylor
Indie,Moore
Innocenzo,Jackson
Ioni,Martin
Ionis,Lee
Santos,Dos
Irine,Thompson
Irmgard,White
Irwan,Harris
Isatis,Sánchez
Isaya,Clark
Sebastien,Couatarmanach
Ishan,Lewis
Ishani,Robinson
Ismahane,Walker
Ismahine,Young
Ismail,Allen
Auguste,Ferreira
Issaga,Wright
Issraa,Scott
Iulia,Torres
Ivanoe,Nguyen
Ive,Hill
Laurent,Chazal
Iyade,Green
Izabelle,Adams
I–zlem,Nelson
Jace,Baker
Jacinthe,Hall
Thibault,Alekseï
Jahlen,Campbell
Jaid,Mitchell
Jaimie,Carter
Jakie,Roberts
Jalen,Gómez
Franco,Di
Janek,Evans
Janet,Turner
Janita,Parker
Janyne,Mohamed
Jaqueline,Ali
Charles,Joseph
Jassime,Ibrahim
Jaume,Hassan
Jayani,Wang
Jaylie,Li
Jazz,Zhang
Laura,Chazal
Jean-Cedric,Liu
Jean-Eloi,García
Jeanick,Martin
Jeanina,Müller
Jean-Marin,Rodríguez
Martin,Deneuve
Jeanne-Rose,Durant
Jean-Rene,Dupond
Jehane,Leguerrec
Jehanne,Couatarmanach
Jemy,Alibert
Thibault,Alekseï
Jerick,Duverney
Jesabelle,Laporal
Jeyna,Dupuis
Jibran,Constant
Jibril,Destresse
Franco,Di
Joddie,Dufour
Joey,Sauvage
Johannes,Tellier
Johary,Deneuve
John-Lee,Clavier
Sebastien,Couatarmanach
Jona,Chazal
Jonasz,Chapuis
Jonatan,Pautrat
Jonathann,Trameur
Silva,Da
Patrick,Fernández
Josephine,Pereira
Jose-Pierre,Ferreira
Joslin,Alves
Joss,John
Josselyne,Peter
Silva,Da
Jounaidi,Smith
Jourgen,Johnson
Joys,Williams
Juan-Miguel,Brown
Juliano,Jones
Arthur,Fernández
Juline,Miller
Jully,Davis
Jurien,Rodríguez
Justin,Martínez
Kacey,Hernández
Léna,Trameur
Kainan,González
Kaitlin,Wilson
Kaitline,Anderson
Kaito,Thomas
Kalinda,Taylor
Léna,Trameur
Kamilla,Jackson
Kamron,Martin
Kaola,Lee
Kaoura,Pérez
Karlyn,Thompson
Auguste,Ferreira
Karyl,Harris
Kataline,Sánchez
Katell,Clark
Kattia,Ramírez
Kayana,Lewis
Sebastien,Couatarmanach
Kayssan,Walker
Kea,Young
Kean,Allen
Keïlan,King
Keina,Wright
Franco,Di
Kelie,Torres
Kellian,Nguyen
Keloan,Hill
Keloan,Flores
Kenjee,Green
Alain,Dupond
Ketia,Nelson
Keveen,Baker
Keyssie,Hall
Kezio,Rivera
Khadidia,Campbell
Raphael,Alibert
Khaola,Carter
Khardiata,Roberts
Khoudjedji,Gómez
Khoukha,Phillips
Kina,Evans
Arthur,Abert
Kinzy,Parker
Kireg,Mohamed
Kisly,Ali
Kleane,Ahmed
Klelya,Ibrahim
Carlos,Peter
Kossay,Wang
Koussay,Li
Kris,Zhang
Krisley,Chen
Kryss,Liu
Denis,Leguerrec
Kumba,Martin
Kursley,Müller
Kylian,Rodríguez
Kyllian,Fernández
Laelia,Durant
Maxime,John
Laïya,Leguerrec
Lailia,Couatarmanach
Lakdar,Alibert
Laouny,Simporé
Latife,Duverney
Damien,Abert
Laurelen,Dupuis
Lauriano,Constant
Lauryana,Destresse
Lauryann,Capelani
Layanna,Dufour
Arthur,Abert
Leanne,Tellier
Leïla,Deneuve
Leïlani,Clavier
Leititia,Joseph
Leiyna,Chazal
Grégoire,Laporal
Lenael,Pautrat
Lenaic,Trameur
Silva,Da
Santos,Dos
Leonard,Pereira
Anaïs,Abert
Leontel,Alves
Leopaul,John
Leslie-Ann,Peter
Lesline,Dassault
Lewan,Smith
Constance,Dupuis
Lhacene,Williams
Lïa,Brown
Liandro,Jones
Libby,García
Liberata,Miller
Agatha,Constant
Lievine,Rodríguez
Lil,Martínez
Lili-Jeanne,Hernández
Lilly-May,López
Lilou-Anne,González
Grégoire,Laporal
Lilye,Anderson
Lisandre,Thomas
Lisandru,Taylor
Liviana,Moore
Liwan,Jackson
Agatha,Constant
Lodois,Lee
Lodoiska,Pérez
Loetitia,Thompson
Loeza,White
Loganne,Harris
Franco,Di
Loina,Clark
Loiza,Ramírez
Lola,Lewis
Lonna,Robinson
Loranne,Walker
Elsa,Alibert
Loreyna,Allen
Lorita,King
Loryk,Wright
Losseni,Scott
Lottie,Torres
Silva,Da
Louena,Hill
Louey,Flores
Louisa-Rose,Green
Louis-Pascal,Adams
Loulou,Nelson
Agatha,Constant
Louyana,Hall
Louysa,Rivera
Loyse,Campbell
Lubna,Mitchell
Luca,Carter
Santos,Dos
Luciana,Gómez
Luciano,Phillips
Lucilla,Evans
Lucman,Turner
Ludmina,Parker
Carlos,Peter
Ludovique,Ali
Ludvick,Ahmed
Luiggi,Ibrahim
Luis-Miguel,Hassan
Luken,Wang
Denis,Leguerrec
Lullaby,Zhang
Luqmi‚n,Chen
Ly,Liu
Lyane,García
Lyas,Martin
Carlos,Peter
Lyess,Rodríguez
Lyhia,Fernández
Lyllou,Durant
Lynis,Dupond
Lysian,Leguerrec
Léna,Trameur
Mack,Alibert
Madden,Simporé
Madeline,Duverney
Madona,Laporal
Maely,Dupuis
Anna,Sauvage
Maelysse,Destresse
Maeva,Capelani
Magdaleina,Dufour
Magdi,Sauvage
Mahaut,Tellier
Martin,Deneuve
Mahmed,Clavier
Maïssara,Joseph
Mailice,Chazal
Maima,Chapuis
Maisie,Pautrat
Sergueï,Alekseï
Silva,Da
Santos,Dos
Malena,Pereira
Maliha,Ferreira
Malonn,Alves
Alain,Dupond
Malyk,Peter
Mami,Dassault
Manao,Smith
Mandie,Johnson
Maniame,Williams
Sebastien,Couatarmanach
Marcelino,Jones
Marc-Henri,García
Marcienne,Miller
Margarete,Davis
Maria-Anna,Rodríguez
Damien,Abert
Marian,Hernández
Mariano,López
Mariaye,González
Maricka,Wilson
Marie-Angelique,Anderson
Jack,Tellier
Marie-Clothilde,Taylor
Marie-Desiree,Moore
Marie-Dolores,Jackson
Marie-Elvire,Martin
Marie-Ernestine,Lee
Thibault,Alekseï
Marie-Nathalie,Thompson
Marie-Olympe,White
Marie-Rosalie,Harris
Marie-Rose,Sánchez
Marie-Veronique,Clark
Bruno,Alves
Marie-Yolande,Lewis
Marie-Yves,Robinson
Marija,Walker
Marilene,Young
Mariza,Allen
Denis,Leguerrec
Maroan,Wright
Marushka,Scott
Marvynn,Torres
Marylaure,Nguyen
Marylou,Hill
Laura,Chazal
Masire,Green
Mathieux,Adams
Mathumitha,Nelson
Mathurin,Baker
Mathusan,Hall
Thibault,Alekseï
Matiguida,Campbell
Matvey,Mitchell
Maurine,Carter
Mauryn,Roberts
Mayare,Gómez
Joshua,Clavier
Mayka,Evans
Maylise,Turner
Mayly,Parker
May-Ly,Mohamed
Maylys,Ali
Thibault,Alekseï
Medrick,Ibrahim
Mehmet-Akif,Hassan
Mehmet-Efe,Wang
Meïlie,Li
Meïna,Zhang
Franco,Di
Melanye,Liu
Meldine,García
Meleane,Martin
Melïa,Müller
Meliani,Rodríguez
Grégoire,Laporal
Melissandre,Durant
Melissandre,Dupond
Meliya,Leguerrec
Mellina,Couatarmanach
Melly,Alibert
Christophe,Pautrat
Melyna,Duverney
Melysa,Laporal
Melysse,Dupuis
Mercy,Constant
Merrick,Destresse
Laura,Chazal
Mevlout,Dufour
Mewena,Sauvage
Meydi,Tellier
Meyna,Deneuve
Meyven,Clavier
Cléa,Destresse
Mikal,Chazal
Mila,Chapuis
Milda,Pautrat
Milena,Trameur
Silva,Da
Antoine,Duverney
Miltiade,Pereira
Mima,Ferreira
Mirela,Alves
Miriana,John
Mirkan,Peter
Charles,Joseph
Mirlene,Smith
Mirza,Johnson
Misa,Williams
Miya,Brown
Mohamed-Malik,Jones
Sebastien,Couatarmanach
Mohammed-Taha,Miller
Mohcene,Davis
Moina,Rodríguez
Momen,Martínez
Monica,Hernández
Silva,Da
Montserrat,González
Moudjib,Wilson
Mouhib,Anderson
Moundhir,Thomas
Muge,Taylor
Cléa,Destresse
Nacerdine,Jackson
Naele,Martin
Naftali,Lee
Nahil,Pérez
Naïlah,Thompson
Martin,Deneuve
Najibe,Harris
Namake,Sánchez
Nao,Clark
Naoh,Ramírez
Naoile,Lewis
Charles,Laurent
Naoma,Walker
Narjis,Young
Narmine,Allen
Nasreddine,King
Nataniel,Wright
Charles,Joseph
Nathan,Torres
Nawale,Nguyen
Nayeli,Hill
Naylla,Flores
Nayma,Green
Léna,Trameur
Nebahat,Nelson
Nebila,Baker
Nedjema,Hall
Neïa,Rivera
Neill,Campbell
Carlos,Peter
Nemesis,Carter
Neri,Roberts
Nerimene,Gómez
Neserine,Phillips
Nevenoe,Evans
Arthur,Abert
Niagara,Parker
Nidal,Mohamed
Nilay,Ali
Nilsen,Ahmed
Nilton,Ibrahim
Thibault,Alekseï
Nissy,Wang
Niyazi,Li
Noami,Zhang
Noeh,Chen
Noel,Liu
Carlos,Peter
Noeline,Martin
Noemie,Müller
Nominoi,Rodríguez
Nora,Fernández
Nor-Eddine,Durant
Elsa,Alibert
Norman,Leguerrec
Nosredine,Couatarmanach
Noua,Alibert
Nouah,Simporé
Noufissa,Duverney
Thibault,Alekseï
Noujoude,Dupuis
Nouzha,Constant
Nurgul,Destresse
Nyouma,Capelani
Oanelle,Dufour
Santos,Dos
Ocilia,Tellier
Odelin,Deneuve
Odeline,Clavier
Odric,Joseph
Odyssee,Chazal
Laurent,Chazal
Olinda,Pautrat
Oliphie,Trameur
Silva,Da
Santos,Dos
Omaïma,Pereira
Thibault,Alekseï
Onss,Alves
Oreane,John
Ornelia,Peter
Osama,Dassault
Osman,Smith
Silva,Da
Ouarida,Williams
Ouiame,Brown
Ouidede,Jones
Oumama,García
Oumelkheir,Miller
Elsa,Alibert
Ovadia,Rodríguez
Ovidiu,Martínez
Oxanna,Hernández
Ozvan,López
Pacco,González
Grégoire,Laporal
Pascal,Anderson
Pasqualina,Thomas
Pasteur,Taylor
Patrycja,Moore
Paul-Augustin,Jackson
Alain,Dupond
Paul-Georges,Lee
Petula,Pérez
Pharailde,Thompson
Phi,White
Phiby,Harris
Antoine,Duverney
Pierre-Henri,Clark
Pierre-Henry,Ramírez
Pierre-Jacques,Lewis
Pierre-Joil,Robinson
Pierre-Joseph,Walker
Bruno,Alves
Pinda,Allen
Placida,King
Praise,Wright
Prele,Scott
Presilia,Torres
Carlos,Peter
Priscyllia,Hill
Raby,Flores
Rachela,Green
Radhia,Adams
Radija,Nelson
Carlos,Peter
Railley,Hall
Raimonde,Rivera
Raiyan,Campbell
Rajae,Mitchell
Raky,Carter
Thibault,Alekseï
Ramona,Gómez
Ranym,Phillips
Rasim,Evans
Rayaan,Turner
Rayane,Parker
Agatha,Constant
Redan,Ali
Redoine,Ahmed
Reihan,Ibrahim
Reina,Hassan
Remicia,Wang
Maxime,John
Renny,Zhang
Rezan,Chen
Rhaled,Liu
Rhariba,García
Richmond,Martin
Auguste,Ferreira
Rilana,Rodríguez
Rimis,Fernández
Rina,Durant
Rislane,Dupond
Riwen,Leguerrec
Charles,Joseph
Riyana,Alibert
Rock,Simporé
Roddy,Duverney
Rody,Laporal
Rohit,Dupuis
Antoine,Duverney
Rokhia,Destresse
Rokiya,Capelani
Roksana,Dufour
Romarik,Sauvage
Romi,Tellier
Denis,Leguerrec
Romualde,Clavier
Roseda,Joseph
Rose-Heline,Chazal
Rosely,Chapuis
Roxane,Pautrat
Jack,Tellier
Silva,Da
Santos,Dos
Rui,Pereira
Russel,Ferreira
Ryana,Alves
Antoine,Duverney
Sade,Peter
Sadjo,Dassault
Safah,Smith
Safiya,Johnson
Sahila,Williams
Arthur,Abert
Salah-Eddin,Jones
Salah-Edine,García
Saliah,Miller
Salmane,Davis
Samirha,Rodríguez
Sebastien,Couatarmanach
Santina,Hernández
Santu,López
Sarida,González
Saunia,Wilson
Savanna,Anderson
Auguste,Ferreira
Sayda,Taylor
Sayon,Moore
Scott,Jackson
Sebastien,Martin
Sefika,Lee
Cléa,Destresse
Sellya,Thompson
Selsabil,White
Semya,Harris
Senda,Sánchez
Serdar,Clark
Thibault,Alekseï
Seth,Lewis
Severine,Robinson
Sevilay,Walker
Sevtap,Young
Seydina,Allen
Constance,Dupuis
Shahan,Wright
Shahana,Scott
Shamseddine,Torres
Shanisse,Nguyen
Shayline,Hill
Charles,Joseph
Sheherazade,Green
Shehrazad,Adams
Sheley,Nelson
Shemsedine,Baker
Sherazade,Hall
Thibault,Alekseï
Sheurley,Campbell
Sheyenne,Mitchell
Shirane,Carter
Shona,Roberts
Sidonia,Gómez
Carlos,Peter
Silla,Evans
Silvanna,Turner
Simballa,Parker
Simeonne,Mohamed
Sinaly,Ali
Laurent,Chazal
Sinead,Ibrahim
Sipa,Hassan
Sirius,Wang
Slavko,Li
Sloann,Zhang
Patrick,Fernández
Sly,Liu
Sohana,García
Sohane,Martin
Soleyna,Müller
Sophy,Rodríguez
Thibault,Alekseï
Sory-Ibrahim,Durant
Sosthenes,Dupond
Souadou,Leguerrec
Soudaïs,Couatarmanach
Soumaia,Alibert
Grégoire,Laporal
Soumiya,Duverney
Sounia,Laporal
Souraya,Dupuis
Speranza,Constant
Stelios,Destresse
Thibault,Alekseï
Stephan,Dufour
Stephana,Sauvage
Stessie,Tellier
Stevane,Deneuve
Steven's,Clavier
Abigael,Dufour
Sueli,Chazal
Suely,Chapuis
Suren,Pautrat
Surya,Trameur
Silva,Da
Alain,Dupond
Swaily,Pereira
Syanna,Ferreira
Syloe,Alves
Sylvelie,John
Sylvere,Peter
Anaïs,Abert
Sylviano,Smith
Symphorien,Johnson
Tahina,Williams
Tahyss,Brown
Taïla,Jones
Agatha,Constant
Taina,Miller
Takine,Davis
Talan,Rodríguez
Talita,Martínez
Tasha,Hernández
Franco,Di
Tchelsy,González
Tedji,Wilson
Teeyanah,Anderson
Tehillah,Thomas
Telyo,Taylor
Bruno,Alves
Tennessee,Jackson
Terrence,Martin
Tertullien,Lee
Tesnyme,Pérez
Tessnim,Thompson
Joshua,Clavier
Themys,Harris
Theodore,Sánchez
Therise-Marie,Clark
Thia,Ramírez
Thiana,Lewis
Antoine,Duverney
Thomas-Louis,Walker
Thomas-Pierre,Young
Thyo,Allen
Tianna,King
Ticiana,Wright
Charles,Joseph
Tilia,Torres
Timaï,Nguyen
Timy,Hill
Titziana,Flores
Tobias,Green
Carlos,Peter
Toma,Nelson
Tomasz,Baker
Tou,Hall
Treicy,Rivera
Trissia,Campbell
Thibault,Alekseï
Tunahan,Carter
Tuncay,Roberts
Turquoise,Gómez
Tycia,Phillips
Tymothee,Evans
Santos,Dos
Ulric,Parker
Ursulla,Mohamed
Uveys,Ali
Uwe,Ahmed
Vangelis,Ibrahim
Laura,Chazal
Velleda,Wang
Venitia,Li
Vidal,Zhang
Vidian,Chen
Viet,Liu
Thibault,Alekseï
Viollette,Martin
Vishwa,Müller
Vlasta,Rodríguez
Wafa,Fernández
Wafaa,Durant
Léna,Trameur
Waina,Leguerrec
Walid,Couatarmanach
Walida,Alibert
Wallen,Simporé
Wallys,Duverney
Franco,Di
Wen,Dupuis
Wilhem,Constant
Willys,Destresse
Wilma,Capelani
Wilman,Dufour
Léna,Trameur
Wolff,Tellier
Wynona,Deneuve
Xenia,Clavier
Xiao,Joseph
Yacime,Chazal
Laurent,Chazal
Yafa,Pautrat
Yamato,Trameur
Silva,Da
Santos,Dos
Yavuz-Selim,Pereira
Martin,Deneuve
Ydrissa,Alves
Yeline,John
Yerim,Peter
Yesmin,Dassault
Yesmina,Smith
Thibault,Alekseï
Yi,Williams
Yichai,Brown
Yllan,Jones
Ynis,García
Yoen,Miller
Bruno,Alves
Yoram,Rodríguez
Yorick,Martínez
Yosr,Hernández
Youness,López
Yousuf,González
Joshua,Clavier
Yves-Alexandre,Anderson
Zaara,Thomas
Zahera,Taylor
Zaïa,Moore
Zaïra,Jackson
Thibault,Alekseï
Zakariae,Lee
Zarko,Pérez
Zdislaw,Thompson
Zeev,White
Zeinabou,Harris
Franco,Di
Zephyrin,Clark
Zerin,Ramírez
Zinedine,Lewis
Zlatko,Robinson
Zoel,Walker
Antoine,Duverney
Abdelhouab,Allen
Abderahime,King
Abderraouf,Wright
Abderzak,Scott
Abdoulah,Torres
Francelyne,Capelani
Achil,Hill
Achref,Flores
Adelmo,Green
Adelys,Adams
Adhem,Nelson
Arthur,Abert
Adim,Hall
Adja,Rivera
Aelia,Campbell
Ahron,Mitchell
Ahsan,Carter
Denis,Leguerrec
Aimie,Gómez
Alain-Pierre,Phillips
Alanis,Evans
Alassan,Turner
Alcida,Parker
Silva,Da
Alhya,Ali
Aliana,Ahmed
Alime,Ibrahim
Aliona,Hassan
Allegresse,Wang
Constance,Dupuis
Almahdi,Zhang
Alpha,Chen
Alva,Liu
Alyce,García
Amable,Martin
Arthur,Fernández
Americo,Rodríguez
Amparo,Fernández
Ana-Clara,Durant
Analucia,Dupond
Anandi,Leguerrec
Patrick,Fernández
Andhy,Alibert
Andra,Simporé
Ange-Lyne,Duverney
Anicet,Laporal
Anicette,Dupuis
Abigael,Dufour
Anne-Gaelle,Destresse
Anni,Capelani
Anto,Dufour
Arkia,Sauvage
Armaan,Tellier
Grégoire,Laporal
Arzu,Clavier
Asael,Joseph
Assiata,Chazal
Asuncion,Chapuis
Atef,Pautrat
Joshua,Clavier
Silva,Da
Santos,Dos
Ayele,Pereira
Ayiana,Ferreira
Aymon,Alves
Sebastien,Couatarmanach
Badie,Peter
Badys,Dassault
Balsam,Smith
Barta,Johnson
Basil,Williams
Martin,Deneuve
Bekhta,Jones
Bela,García
Belkiss,Miller
Belynda,Davis
Bendjy,Rodríguez
Cléa,Destresse
Beryl,Hernández
Betina,López
Beyrem,González
Bianka,Wilson
Bircan,Anderson
Silva,Da
Britta,Taylor
Brook,Moore
Brunel,Jackson
Bryce,Martin
Callista,Lee
Franco,Di
Camillo,Thompson
Cammie,White
Cantor,Harris
Carmelle,Sánchez
Cathelyne,Clark
Laura,Chazal
Cedryk,Lewis
Celestine,Robinson
Celya,Walker
Chabane,Young
Chad,Allen
Charles,Joseph
Chahra-Zed,Wright
Chaïn,Scott
Chama,Torres
Chanese,Nguyen
Chani,Hill
Santos,Dos
Chelsee,Green
Chihab,Adams
Chjara,Nelson
Christalle,Baker
Christos,Hall
Franco,Di
Clady,Campbell
Claire-Alix,Mitchell
Cleden,Carter
Cleya,Roberts
Clodine,Gómez
Thibault,Alekseï
Comba,Evans
Conchetta,Turner
Cornelia,Parker
Corynne,Mohamed
Crystel,Ali
Carlos,Peter
Dalilah,Ibrahim
Daniele,Hassan
Darlane,Wang
Defne,Li
Delya,Zhang
Martin,Deneuve
Dianne,Liu
Diarra,García
Dijle,Martin
Djack,Müller
Djael,Rodríguez
Arthur,Fernández
Djulyan,Durant
Dmitri,Dupond
Doa,Leguerrec
Domenica,Couatarmanach
Dominic,Alibert
Carlos,Peter
Douga,Duverney
Driss,Laporal
Dulcie,Dupuis
Edem,Constant
Edena,Destresse
Arthur,Fernández
Edmard,Dufour
Edonis,Sauvage
Effie,Tellier
Eglantine,Deneuve
Elaïa,Clavier
Grégoire,Laporal
El-Habib,Chazal
Eli,Chapuis
Elina,Pautrat
Elirone,Trameur
Silva,Da
Elsa,Alibert
Elouen,Pereira
Emi,Ferreira
Emmy-Rose,Alves
Emrah,John
Enelya,Peter
Cléa,Destresse
